<?xml version="1.0" ?>
<!-- Generated using onshape-to-robot -->
<!-- Onshape https://cad.onshape.com/documents/89c2000dd1a2e6c0b43141b5/w/011f2e3700106f95fa6aa43d/e/3c9bddcc473df1d7f4c42780 -->
<mujoco model="Sim_Arm_4DOF_May_25">
  <compiler angle="radian" meshdir="assets" autolimits="true"/>
  <default>
    <default class="Sim_Arm_4DOF_May_25">
      <joint frictionloss="0.1" armature="0.005"/>
      <position kp="50" dampratio="1"/>
      <default class="visual">
        <geom type="mesh" contype="0" conaffinity="0" group="2"/>
      </default>
      <default class="collision">
        <geom group="3"/>
      </default>
    </default>
  </default>

  <contact>
    <exclude name="fix01" body1="root" body2="body_1"/>
    <exclude name="fix02" body1="root" body2="body_2"/>
    <exclude name="fix03" body1="root" body2="body_3"/>
    <exclude name="fix04" body1="root" body2="body_4"/>
    <exclude name="fix05" body1="body_1" body2="body_2"/>
    <exclude name="fix06" body1="body_1" body2="body_3"/>
    <exclude name="fix07" body1="body_1" body2="body_4"/>
    <exclude name="fix08" body1="body_2" body2="body_3"/>
    <exclude name="fix09" body1="body_2" body2="body_4"/>
    <exclude name="fix10" body1="body_3" body2="body_4"/>
  </contact>

  <worldbody>
    <!-- Link rs01_sim -->
    <body name="root" pos="0 0 0" quat="1 0 0 0" childclass="Sim_Arm_4DOF_May_25">
      <inertial pos="-1.71974e-05 -0.123476 -0.322704" mass="3.60669" fullinertia="0.121348 0.108623 0.0199465 5.91759e-06 1.59822e-05 -0.0365797"/>
      <!-- Part head_mount_v2 -->
      <geom type="mesh" class="visual" pos="-6.93889e-18 -0.025 -0.5455" quat="0.707107 0 0 0.707107" mesh="head_mount_v2" material="head_mount_v2_material"/>
      <geom type="mesh" class="collision" pos="-6.93889e-18 -0.025 -0.5455" quat="0.707107 0 0 0.707107" mesh="head_mount_v2" material="head_mount_v2_material"/>
      <!-- Part battery_mount_body__configuration_default -->
      <geom type="mesh" class="visual" pos="1.27001e-09 -0.0231493 -0.5368" quat="0.707107 0 0 0.707107" mesh="battery_mount_body__configuration_default" material="battery_mount_body__configuration_default_material"/>
      <geom type="mesh" class="collision" pos="1.27001e-09 -0.0231493 -0.5368" quat="0.707107 0 0 0.707107" mesh="battery_mount_body__configuration_default" material="battery_mount_body__configuration_default_material"/>
      <!-- Part hex_socket_head_cap_screw_m5x0_80_x_50__8b083fbfd59dc714165a15409b668a30 -->
      <geom type="mesh" class="visual" pos="0.066 -0.0164 -0.0325" quat="0.707107 0 0 0.707107" mesh="hex_socket_head_cap_screw_m5x0_80_x_50__8b083fbfd59dc714165a15409b668a30" material="hex_socket_head_cap_screw_m5x0_80_x_50__8b083fbfd59dc714165a15409b668a30_material"/>
      <geom type="mesh" class="collision" pos="0.066 -0.0164 -0.0325" quat="0.707107 0 0 0.707107" mesh="hex_socket_head_cap_screw_m5x0_80_x_50__8b083fbfd59dc714165a15409b668a30" material="hex_socket_head_cap_screw_m5x0_80_x_50__8b083fbfd59dc714165a15409b668a30_material"/>
      <!-- Part mock_battery__configuration_default -->
      <geom type="mesh" class="visual" pos="3.29745e-09 -0.0191493 -0.54005" quat="0.707107 -1.96519e-08 -1.96519e-08 0.707107" mesh="mock_battery__configuration_default" material="mock_battery__configuration_default_material"/>
      <geom type="mesh" class="collision" pos="3.29745e-09 -0.0191493 -0.54005" quat="0.707107 -1.96519e-08 -1.96519e-08 0.707107" mesh="mock_battery__configuration_default" material="mock_battery__configuration_default_material"/>
      <!-- Part hex_socket_head_cap_screw_m6x1_00_x_60__a443ccf6f0c2f8dc713a8e15307ebd58 -->
      <geom type="mesh" class="visual" pos="-0.038 -0.1825 -0.4998" quat="0 0 -0.707107 0.707107" mesh="hex_socket_head_cap_screw_m6x1_00_x_60__a443ccf6f0c2f8dc713a8e15307ebd58" material="hex_socket_head_cap_screw_m6x1_00_x_60__a443ccf6f0c2f8dc713a8e15307ebd58_material"/>
      <geom type="mesh" class="collision" pos="-0.038 -0.1825 -0.4998" quat="0 0 -0.707107 0.707107" mesh="hex_socket_head_cap_screw_m6x1_00_x_60__a443ccf6f0c2f8dc713a8e15307ebd58" material="hex_socket_head_cap_screw_m6x1_00_x_60__a443ccf6f0c2f8dc713a8e15307ebd58_material"/>
      <!-- Part tubes -->
      <geom type="mesh" class="visual" pos="-0.119 0.0496 -0.5455" quat="1 0 0 0" mesh="tubes" material="tubes_material"/>
      <geom type="mesh" class="collision" pos="-0.119 0.0496 -0.5455" quat="1 0 0 0" mesh="tubes" material="tubes_material"/>
      <!-- Part battery_mount_cover__configuration_default -->
      <geom type="mesh" class="visual" pos="1.27001e-09 -0.0231493 -0.5368" quat="0.707107 0 0 0.707107" mesh="battery_mount_cover__configuration_default" material="battery_mount_cover__configuration_default_material"/>
      <geom type="mesh" class="collision" pos="1.27001e-09 -0.0231493 -0.5368" quat="0.707107 0 0 0.707107" mesh="battery_mount_cover__configuration_default" material="battery_mount_cover__configuration_default_material"/>
      <!-- Part hex_socket_head_cap_screw_m5x0_80_x_50__8b083fbfd59dc714165a15409b668a30_2 -->
      <geom type="mesh" class="visual" pos="-0.066 -0.0164 -0.0325" quat="0.707107 0 0 0.707107" mesh="hex_socket_head_cap_screw_m5x0_80_x_50__8b083fbfd59dc714165a15409b668a30" material="hex_socket_head_cap_screw_m5x0_80_x_50__8b083fbfd59dc714165a15409b668a30_material"/>
      <geom type="mesh" class="collision" pos="-0.066 -0.0164 -0.0325" quat="0.707107 0 0 0.707107" mesh="hex_socket_head_cap_screw_m5x0_80_x_50__8b083fbfd59dc714165a15409b668a30" material="hex_socket_head_cap_screw_m5x0_80_x_50__8b083fbfd59dc714165a15409b668a30_material"/>
      <!-- Part hex_socket_head_cap_screw_m6x1_00_x_60__a443ccf6f0c2f8dc713a8e15307ebd58_2 -->
      <geom type="mesh" class="visual" pos="-0.076 -0.1825 -0.3608" quat="0 0 -0.707107 0.707107" mesh="hex_socket_head_cap_screw_m6x1_00_x_60__a443ccf6f0c2f8dc713a8e15307ebd58" material="hex_socket_head_cap_screw_m6x1_00_x_60__a443ccf6f0c2f8dc713a8e15307ebd58_material"/>
      <geom type="mesh" class="collision" pos="-0.076 -0.1825 -0.3608" quat="0 0 -0.707107 0.707107" mesh="hex_socket_head_cap_screw_m6x1_00_x_60__a443ccf6f0c2f8dc713a8e15307ebd58" material="hex_socket_head_cap_screw_m6x1_00_x_60__a443ccf6f0c2f8dc713a8e15307ebd58_material"/>
      <!-- Part rs01_sim -->
      <geom type="mesh" class="visual" pos="4.3476e-18 -3.04364e-34 0.0085" quat="1 0 0 0" mesh="rs01_sim" material="rs01_sim_material"/>
      <geom type="mesh" class="collision" pos="4.3476e-18 -3.04364e-34 0.0085" quat="1 0 0 0" mesh="rs01_sim" material="rs01_sim_material"/>
      <!-- Part tubes_2 -->
      <geom type="mesh" class="visual" pos="-0.119 0.094 -0.5455" quat="1 0 0 0" mesh="tubes" material="tubes_material"/>
      <geom type="mesh" class="collision" pos="-0.119 0.094 -0.5455" quat="1 0 0 0" mesh="tubes" material="tubes_material"/>
      <!-- Part hex_socket_head_cap_screw_m6x1_00_x_60__a443ccf6f0c2f8dc713a8e15307ebd58_3 -->
      <geom type="mesh" class="visual" pos="0.038 -0.1825 -0.4998" quat="0 0 -0.707107 0.707107" mesh="hex_socket_head_cap_screw_m6x1_00_x_60__a443ccf6f0c2f8dc713a8e15307ebd58" material="hex_socket_head_cap_screw_m6x1_00_x_60__a443ccf6f0c2f8dc713a8e15307ebd58_material"/>
      <geom type="mesh" class="collision" pos="0.038 -0.1825 -0.4998" quat="0 0 -0.707107 0.707107" mesh="hex_socket_head_cap_screw_m6x1_00_x_60__a443ccf6f0c2f8dc713a8e15307ebd58" material="hex_socket_head_cap_screw_m6x1_00_x_60__a443ccf6f0c2f8dc713a8e15307ebd58_material"/>
      <!-- Part hex_socket_head_cap_screw_m5x0_80_x_50__8b083fbfd59dc714165a15409b668a30_3 -->
      <geom type="mesh" class="visual" pos="0.066 0.028 -0.0325" quat="0.707107 0 0 0.707107" mesh="hex_socket_head_cap_screw_m5x0_80_x_50__8b083fbfd59dc714165a15409b668a30" material="hex_socket_head_cap_screw_m5x0_80_x_50__8b083fbfd59dc714165a15409b668a30_material"/>
      <geom type="mesh" class="collision" pos="0.066 0.028 -0.0325" quat="0.707107 0 0 0.707107" mesh="hex_socket_head_cap_screw_m5x0_80_x_50__8b083fbfd59dc714165a15409b668a30" material="hex_socket_head_cap_screw_m5x0_80_x_50__8b083fbfd59dc714165a15409b668a30_material"/>
      <!-- Part tubes_3 -->
      <geom type="mesh" class="visual" pos="0.013 0.0496 -0.5455" quat="1 0 0 0" mesh="tubes" material="tubes_material"/>
      <geom type="mesh" class="collision" pos="0.013 0.0496 -0.5455" quat="1 0 0 0" mesh="tubes" material="tubes_material"/>
      <!-- Part hex_socket_head_cap_screw_m5x0_80_x_50__8b083fbfd59dc714165a15409b668a30_4 -->
      <geom type="mesh" class="visual" pos="-0.066 0.028 -0.0325" quat="0.707107 0 0 0.707107" mesh="hex_socket_head_cap_screw_m5x0_80_x_50__8b083fbfd59dc714165a15409b668a30" material="hex_socket_head_cap_screw_m5x0_80_x_50__8b083fbfd59dc714165a15409b668a30_material"/>
      <geom type="mesh" class="collision" pos="-0.066 0.028 -0.0325" quat="0.707107 0 0 0.707107" mesh="hex_socket_head_cap_screw_m5x0_80_x_50__8b083fbfd59dc714165a15409b668a30" material="hex_socket_head_cap_screw_m5x0_80_x_50__8b083fbfd59dc714165a15409b668a30_material"/>
      <!-- Part tubes_4 -->
      <geom type="mesh" class="visual" pos="0.013 0.094 -0.5455" quat="1 0 0 0" mesh="tubes" material="tubes_material"/>
      <geom type="mesh" class="collision" pos="0.013 0.094 -0.5455" quat="1 0 0 0" mesh="tubes" material="tubes_material"/>
      <!-- Part hex_socket_head_cap_screw_m6x1_00_x_60__a443ccf6f0c2f8dc713a8e15307ebd58_4 -->
      <geom type="mesh" class="visual" pos="0.076 -0.1825 -0.3608" quat="0 0 -0.707107 0.707107" mesh="hex_socket_head_cap_screw_m6x1_00_x_60__a443ccf6f0c2f8dc713a8e15307ebd58" material="hex_socket_head_cap_screw_m6x1_00_x_60__a443ccf6f0c2f8dc713a8e15307ebd58_material"/>
      <geom type="mesh" class="collision" pos="0.076 -0.1825 -0.3608" quat="0 0 -0.707107 0.707107" mesh="hex_socket_head_cap_screw_m6x1_00_x_60__a443ccf6f0c2f8dc713a8e15307ebd58" material="hex_socket_head_cap_screw_m6x1_00_x_60__a443ccf6f0c2f8dc713a8e15307ebd58_material"/>
      <!-- Link main_shoulder_bracket -->
      <body name="body_1" pos="4.3476e-18 -3.85186e-34 0.0405" quat="1 0 0 0">
        <!-- Joint from rs01_sim to main_shoulder_bracket -->
        <joint name="J1" type="hinge" range="-2.9670597283903604 2.9670597283903604"/>
        <inertial pos="-0.0806005 5.6586e-07 0.0648969" mass="1.28201" fullinertia="0.002446 0.0039269 0.00343527 -7.05209e-08 0.000862374 4.16918e-08"/>
        <!-- Part rs03_sim -->
        <geom type="mesh" class="visual" pos="-0.07725 -2.50606e-15 0.07635" quat="3.83323e-20 0.707107 -0 0.707107" mesh="rs03_sim" material="rs03_sim_material"/>
        <geom type="mesh" class="collision" pos="-0.07725 -2.50606e-15 0.07635" quat="3.83323e-20 0.707107 -0 0.707107" mesh="rs03_sim" material="rs03_sim_material"/>
        <!-- Part hex_socket_head_cap_screw_m4x0_70_x_10__3f64a2339dcfbc0ea5d2cebc7d371b7c -->
        <geom type="mesh" class="visual" pos="-0.06725 -0.0187515 0.12162" quat="0.5 0.5 0.5 0.5" mesh="hex_socket_head_cap_screw_m4x0_70_x_10__3f64a2339dcfbc0ea5d2cebc7d371b7c" material="hex_socket_head_cap_screw_m4x0_70_x_10__3f64a2339dcfbc0ea5d2cebc7d371b7c_material"/>
        <geom type="mesh" class="collision" pos="-0.06725 -0.0187515 0.12162" quat="0.5 0.5 0.5 0.5" mesh="hex_socket_head_cap_screw_m4x0_70_x_10__3f64a2339dcfbc0ea5d2cebc7d371b7c" material="hex_socket_head_cap_screw_m4x0_70_x_10__3f64a2339dcfbc0ea5d2cebc7d371b7c_material"/>
        <!-- Part main_shoulder_bracket -->
        <geom type="mesh" class="visual" pos="0 0 0.01" quat="1 0 0 0" mesh="main_shoulder_bracket" material="main_shoulder_bracket_material"/>
        <geom type="mesh" class="collision" pos="0 0 0.01" quat="1 0 0 0" mesh="main_shoulder_bracket" material="main_shoulder_bracket_material"/>
        <!-- Part hex_socket_head_cap_screw_m4x0_70_x_10__3f64a2339dcfbc0ea5d2cebc7d371b7c_2 -->
        <geom type="mesh" class="visual" pos="0.0119979 0.000221993 0.01" quat="1 0 -1.11022e-16 3.25261e-19" mesh="hex_socket_head_cap_screw_m4x0_70_x_10__3f64a2339dcfbc0ea5d2cebc7d371b7c" material="hex_socket_head_cap_screw_m4x0_70_x_10__3f64a2339dcfbc0ea5d2cebc7d371b7c_material"/>
        <geom type="mesh" class="collision" pos="0.0119979 0.000221993 0.01" quat="1 0 -1.11022e-16 3.25261e-19" mesh="hex_socket_head_cap_screw_m4x0_70_x_10__3f64a2339dcfbc0ea5d2cebc7d371b7c" material="hex_socket_head_cap_screw_m4x0_70_x_10__3f64a2339dcfbc0ea5d2cebc7d371b7c_material"/>
        <!-- Part hex_socket_head_cap_screw_m4x0_70_x_10__3f64a2339dcfbc0ea5d2cebc7d371b7c_3 -->
        <geom type="mesh" class="visual" pos="-0.0119979 -0.000221993 0.01" quat="1 0 -1.11022e-16 3.25261e-19" mesh="hex_socket_head_cap_screw_m4x0_70_x_10__3f64a2339dcfbc0ea5d2cebc7d371b7c" material="hex_socket_head_cap_screw_m4x0_70_x_10__3f64a2339dcfbc0ea5d2cebc7d371b7c_material"/>
        <geom type="mesh" class="collision" pos="-0.0119979 -0.000221993 0.01" quat="1 0 -1.11022e-16 3.25261e-19" mesh="hex_socket_head_cap_screw_m4x0_70_x_10__3f64a2339dcfbc0ea5d2cebc7d371b7c" material="hex_socket_head_cap_screw_m4x0_70_x_10__3f64a2339dcfbc0ea5d2cebc7d371b7c_material"/>
        <!-- Part hex_socket_head_cap_screw_m4x0_70_x_10__3f64a2339dcfbc0ea5d2cebc7d371b7c_4 -->
        <geom type="mesh" class="visual" pos="-0.06725 -0.0452701 0.0575985" quat="0.5 0.5 0.5 0.5" mesh="hex_socket_head_cap_screw_m4x0_70_x_10__3f64a2339dcfbc0ea5d2cebc7d371b7c" material="hex_socket_head_cap_screw_m4x0_70_x_10__3f64a2339dcfbc0ea5d2cebc7d371b7c_material"/>
        <geom type="mesh" class="collision" pos="-0.06725 -0.0452701 0.0575985" quat="0.5 0.5 0.5 0.5" mesh="hex_socket_head_cap_screw_m4x0_70_x_10__3f64a2339dcfbc0ea5d2cebc7d371b7c" material="hex_socket_head_cap_screw_m4x0_70_x_10__3f64a2339dcfbc0ea5d2cebc7d371b7c_material"/>
        <!-- Part hex_socket_head_cap_screw_m4x0_70_x_10__3f64a2339dcfbc0ea5d2cebc7d371b7c_5 -->
        <geom type="mesh" class="visual" pos="-0.06725 0.0452701 0.0575985" quat="0.5 0.5 0.5 0.5" mesh="hex_socket_head_cap_screw_m4x0_70_x_10__3f64a2339dcfbc0ea5d2cebc7d371b7c" material="hex_socket_head_cap_screw_m4x0_70_x_10__3f64a2339dcfbc0ea5d2cebc7d371b7c_material"/>
        <geom type="mesh" class="collision" pos="-0.06725 0.0452701 0.0575985" quat="0.5 0.5 0.5 0.5" mesh="hex_socket_head_cap_screw_m4x0_70_x_10__3f64a2339dcfbc0ea5d2cebc7d371b7c" material="hex_socket_head_cap_screw_m4x0_70_x_10__3f64a2339dcfbc0ea5d2cebc7d371b7c_material"/>
        <!-- Part hex_socket_head_cap_screw_m4x0_70_x_10__3f64a2339dcfbc0ea5d2cebc7d371b7c_6 -->
        <geom type="mesh" class="visual" pos="0.00580672 0.0105015 0.01" quat="1 0 -1.11022e-16 3.25261e-19" mesh="hex_socket_head_cap_screw_m4x0_70_x_10__3f64a2339dcfbc0ea5d2cebc7d371b7c" material="hex_socket_head_cap_screw_m4x0_70_x_10__3f64a2339dcfbc0ea5d2cebc7d371b7c_material"/>
        <geom type="mesh" class="collision" pos="0.00580672 0.0105015 0.01" quat="1 0 -1.11022e-16 3.25261e-19" mesh="hex_socket_head_cap_screw_m4x0_70_x_10__3f64a2339dcfbc0ea5d2cebc7d371b7c" material="hex_socket_head_cap_screw_m4x0_70_x_10__3f64a2339dcfbc0ea5d2cebc7d371b7c_material"/>
        <!-- Part hex_socket_head_cap_screw_m4x0_70_x_10__3f64a2339dcfbc0ea5d2cebc7d371b7c_7 -->
        <geom type="mesh" class="visual" pos="-0.00580672 -0.0105015 0.01" quat="1 0 -1.11022e-16 3.25261e-19" mesh="hex_socket_head_cap_screw_m4x0_70_x_10__3f64a2339dcfbc0ea5d2cebc7d371b7c" material="hex_socket_head_cap_screw_m4x0_70_x_10__3f64a2339dcfbc0ea5d2cebc7d371b7c_material"/>
        <geom type="mesh" class="collision" pos="-0.00580672 -0.0105015 0.01" quat="1 0 -1.11022e-16 3.25261e-19" mesh="hex_socket_head_cap_screw_m4x0_70_x_10__3f64a2339dcfbc0ea5d2cebc7d371b7c" material="hex_socket_head_cap_screw_m4x0_70_x_10__3f64a2339dcfbc0ea5d2cebc7d371b7c_material"/>
        <!-- Part hex_socket_head_cap_screw_m4x0_70_x_10__3f64a2339dcfbc0ea5d2cebc7d371b7c_8 -->
        <geom type="mesh" class="visual" pos="-0.00619122 0.0102795 0.01" quat="1 0 -1.11022e-16 3.25261e-19" mesh="hex_socket_head_cap_screw_m4x0_70_x_10__3f64a2339dcfbc0ea5d2cebc7d371b7c" material="hex_socket_head_cap_screw_m4x0_70_x_10__3f64a2339dcfbc0ea5d2cebc7d371b7c_material"/>
        <geom type="mesh" class="collision" pos="-0.00619122 0.0102795 0.01" quat="1 0 -1.11022e-16 3.25261e-19" mesh="hex_socket_head_cap_screw_m4x0_70_x_10__3f64a2339dcfbc0ea5d2cebc7d371b7c" material="hex_socket_head_cap_screw_m4x0_70_x_10__3f64a2339dcfbc0ea5d2cebc7d371b7c_material"/>
        <!-- Part hex_socket_head_cap_screw_m4x0_70_x_10__3f64a2339dcfbc0ea5d2cebc7d371b7c_9 -->
        <geom type="mesh" class="visual" pos="-0.06725 -0.0452701 0.0951015" quat="0.5 0.5 0.5 0.5" mesh="hex_socket_head_cap_screw_m4x0_70_x_10__3f64a2339dcfbc0ea5d2cebc7d371b7c" material="hex_socket_head_cap_screw_m4x0_70_x_10__3f64a2339dcfbc0ea5d2cebc7d371b7c_material"/>
        <geom type="mesh" class="collision" pos="-0.06725 -0.0452701 0.0951015" quat="0.5 0.5 0.5 0.5" mesh="hex_socket_head_cap_screw_m4x0_70_x_10__3f64a2339dcfbc0ea5d2cebc7d371b7c" material="hex_socket_head_cap_screw_m4x0_70_x_10__3f64a2339dcfbc0ea5d2cebc7d371b7c_material"/>
        <!-- Part hex_socket_head_cap_screw_m4x0_70_x_10__3f64a2339dcfbc0ea5d2cebc7d371b7c_10 -->
        <geom type="mesh" class="visual" pos="-0.06725 -0.0187515 0.0310799" quat="0.5 0.5 0.5 0.5" mesh="hex_socket_head_cap_screw_m4x0_70_x_10__3f64a2339dcfbc0ea5d2cebc7d371b7c" material="hex_socket_head_cap_screw_m4x0_70_x_10__3f64a2339dcfbc0ea5d2cebc7d371b7c_material"/>
        <geom type="mesh" class="collision" pos="-0.06725 -0.0187515 0.0310799" quat="0.5 0.5 0.5 0.5" mesh="hex_socket_head_cap_screw_m4x0_70_x_10__3f64a2339dcfbc0ea5d2cebc7d371b7c" material="hex_socket_head_cap_screw_m4x0_70_x_10__3f64a2339dcfbc0ea5d2cebc7d371b7c_material"/>
        <!-- Part hex_socket_head_cap_screw_m4x0_70_x_10__3f64a2339dcfbc0ea5d2cebc7d371b7c_11 -->
        <geom type="mesh" class="visual" pos="0.00619122 -0.0102795 0.01" quat="1 0 -1.11022e-16 3.25261e-19" mesh="hex_socket_head_cap_screw_m4x0_70_x_10__3f64a2339dcfbc0ea5d2cebc7d371b7c" material="hex_socket_head_cap_screw_m4x0_70_x_10__3f64a2339dcfbc0ea5d2cebc7d371b7c_material"/>
        <geom type="mesh" class="collision" pos="0.00619122 -0.0102795 0.01" quat="1 0 -1.11022e-16 3.25261e-19" mesh="hex_socket_head_cap_screw_m4x0_70_x_10__3f64a2339dcfbc0ea5d2cebc7d371b7c" material="hex_socket_head_cap_screw_m4x0_70_x_10__3f64a2339dcfbc0ea5d2cebc7d371b7c_material"/>
        <!-- Part hex_socket_head_cap_screw_m4x0_70_x_10__3f64a2339dcfbc0ea5d2cebc7d371b7c_12 -->
        <geom type="mesh" class="visual" pos="-0.06725 0.0452701 0.0951015" quat="0.5 0.5 0.5 0.5" mesh="hex_socket_head_cap_screw_m4x0_70_x_10__3f64a2339dcfbc0ea5d2cebc7d371b7c" material="hex_socket_head_cap_screw_m4x0_70_x_10__3f64a2339dcfbc0ea5d2cebc7d371b7c_material"/>
        <geom type="mesh" class="collision" pos="-0.06725 0.0452701 0.0951015" quat="0.5 0.5 0.5 0.5" mesh="hex_socket_head_cap_screw_m4x0_70_x_10__3f64a2339dcfbc0ea5d2cebc7d371b7c" material="hex_socket_head_cap_screw_m4x0_70_x_10__3f64a2339dcfbc0ea5d2cebc7d371b7c_material"/>
        <!-- Part hex_socket_head_cap_screw_m4x0_70_x_10__3f64a2339dcfbc0ea5d2cebc7d371b7c_13 -->
        <geom type="mesh" class="visual" pos="-0.06725 0.0187515 0.0310799" quat="0.5 0.5 0.5 0.5" mesh="hex_socket_head_cap_screw_m4x0_70_x_10__3f64a2339dcfbc0ea5d2cebc7d371b7c" material="hex_socket_head_cap_screw_m4x0_70_x_10__3f64a2339dcfbc0ea5d2cebc7d371b7c_material"/>
        <geom type="mesh" class="collision" pos="-0.06725 0.0187515 0.0310799" quat="0.5 0.5 0.5 0.5" mesh="hex_socket_head_cap_screw_m4x0_70_x_10__3f64a2339dcfbc0ea5d2cebc7d371b7c" material="hex_socket_head_cap_screw_m4x0_70_x_10__3f64a2339dcfbc0ea5d2cebc7d371b7c_material"/>
        <!-- Part hex_socket_head_cap_screw_m4x0_70_x_10__3f64a2339dcfbc0ea5d2cebc7d371b7c_14 -->
        <geom type="mesh" class="visual" pos="-0.06725 0.0187515 0.12162" quat="0.5 0.5 0.5 0.5" mesh="hex_socket_head_cap_screw_m4x0_70_x_10__3f64a2339dcfbc0ea5d2cebc7d371b7c" material="hex_socket_head_cap_screw_m4x0_70_x_10__3f64a2339dcfbc0ea5d2cebc7d371b7c_material"/>
        <geom type="mesh" class="collision" pos="-0.06725 0.0187515 0.12162" quat="0.5 0.5 0.5 0.5" mesh="hex_socket_head_cap_screw_m4x0_70_x_10__3f64a2339dcfbc0ea5d2cebc7d371b7c" material="hex_socket_head_cap_screw_m4x0_70_x_10__3f64a2339dcfbc0ea5d2cebc7d371b7c_material"/>
        <!-- Part j3_support_bearing_structure -->
        <geom type="mesh" class="visual" pos="0.06225 -5.81875e-19 0.07635" quat="0.5 -0.5 0.5 0.5" mesh="j3_support_bearing_structure" material="j3_support_bearing_structure_material"/>
        <geom type="mesh" class="collision" pos="0.06225 -5.81875e-19 0.07635" quat="0.5 -0.5 0.5 0.5" mesh="j3_support_bearing_structure" material="j3_support_bearing_structure_material"/>
        <!-- Link rs03_bridge_bracket_spacer -->
        <body name="body_2" pos="-0.07475 -2.18465e-17 0.07635" quat="0.5 -0.5 -0.5 0.5">
          <!-- Joint from main_shoulder_bracket to rs03_bridge_bracket_spacer -->
          <joint name="J2" type="hinge" range="-1.7453292519943286 0.8726646259971657"/>
          <inertial pos="-0.000238739 0.00268985 -0.0661038" mass="0.678573" fullinertia="0.000761427 0.000902464 0.000430944 1.59705e-06 -1.30753e-06 1.55203e-05"/>
          <!-- Part hex_socket_head_cap_screw_m3x0_50_x_14__4b1458786ed83667bf236981c19e652d -->
          <geom type="mesh" class="visual" pos="-0.0340148 -0.0238476 -0.0878661" quat="0.5 0.5 0.5 -0.5" mesh="hex_socket_head_cap_screw_m3x0_50_x_14__4b1458786ed83667bf236981c19e652d" material="hex_socket_head_cap_screw_m3x0_50_x_14__4b1458786ed83667bf236981c19e652d_material"/>
          <geom type="mesh" class="collision" pos="-0.0340148 -0.0238476 -0.0878661" quat="0.5 0.5 0.5 -0.5" mesh="hex_socket_head_cap_screw_m3x0_50_x_14__4b1458786ed83667bf236981c19e652d" material="hex_socket_head_cap_screw_m3x0_50_x_14__4b1458786ed83667bf236981c19e652d_material"/>
          <!-- Part hex_socket_head_cap_screw_m3x0_50_x_14__4b1458786ed83667bf236981c19e652d_2 -->
          <geom type="mesh" class="visual" pos="-0.0187845 0.0239524 -0.0434831" quat="0.5 -0.5 0.5 0.5" mesh="hex_socket_head_cap_screw_m3x0_50_x_14__4b1458786ed83667bf236981c19e652d" material="hex_socket_head_cap_screw_m3x0_50_x_14__4b1458786ed83667bf236981c19e652d_material"/>
          <geom type="mesh" class="collision" pos="-0.0187845 0.0239524 -0.0434831" quat="0.5 -0.5 0.5 0.5" mesh="hex_socket_head_cap_screw_m3x0_50_x_14__4b1458786ed83667bf236981c19e652d" material="hex_socket_head_cap_screw_m3x0_50_x_14__4b1458786ed83667bf236981c19e652d_material"/>
          <!-- Part hex_socket_head_cap_screw_m3x0_50_x_14__4b1458786ed83667bf236981c19e652d_3 -->
          <geom type="mesh" class="visual" pos="-0.0187845 -0.0238476 -0.0434831" quat="0.5 0.5 0.5 -0.5" mesh="hex_socket_head_cap_screw_m3x0_50_x_14__4b1458786ed83667bf236981c19e652d" material="hex_socket_head_cap_screw_m3x0_50_x_14__4b1458786ed83667bf236981c19e652d_material"/>
          <geom type="mesh" class="collision" pos="-0.0187845 -0.0238476 -0.0434831" quat="0.5 0.5 0.5 -0.5" mesh="hex_socket_head_cap_screw_m3x0_50_x_14__4b1458786ed83667bf236981c19e652d" material="hex_socket_head_cap_screw_m3x0_50_x_14__4b1458786ed83667bf236981c19e652d_material"/>
          <!-- Part hex_socket_head_cap_screw_m3x0_50_x_14__4b1458786ed83667bf236981c19e652d_4 -->
          <geom type="mesh" class="visual" pos="-0.0340148 0.0239524 -0.0878661" quat="0.5 -0.5 0.5 0.5" mesh="hex_socket_head_cap_screw_m3x0_50_x_14__4b1458786ed83667bf236981c19e652d" material="hex_socket_head_cap_screw_m3x0_50_x_14__4b1458786ed83667bf236981c19e652d_material"/>
          <geom type="mesh" class="collision" pos="-0.0340148 0.0239524 -0.0878661" quat="0.5 -0.5 0.5 0.5" mesh="hex_socket_head_cap_screw_m3x0_50_x_14__4b1458786ed83667bf236981c19e652d" material="hex_socket_head_cap_screw_m3x0_50_x_14__4b1458786ed83667bf236981c19e652d_material"/>
          <!-- Part hex_socket_head_cap_screw_m3x0_50_x_14__4b1458786ed83667bf236981c19e652d_5 -->
          <geom type="mesh" class="visual" pos="0.00571922 0.0239524 -0.0386934" quat="0.5 -0.5 0.5 0.5" mesh="hex_socket_head_cap_screw_m3x0_50_x_14__4b1458786ed83667bf236981c19e652d" material="hex_socket_head_cap_screw_m3x0_50_x_14__4b1458786ed83667bf236981c19e652d_material"/>
          <geom type="mesh" class="collision" pos="0.00571922 0.0239524 -0.0386934" quat="0.5 -0.5 0.5 0.5" mesh="hex_socket_head_cap_screw_m3x0_50_x_14__4b1458786ed83667bf236981c19e652d" material="hex_socket_head_cap_screw_m3x0_50_x_14__4b1458786ed83667bf236981c19e652d_material"/>
          <!-- Part m3_to_m2_bracket -->
          <geom type="mesh" class="visual" pos="4.7122e-05 0.0664024 -0.07475" quat="0.5 0.5 0.5 -0.5" mesh="m3_to_m2_bracket" material="m3_to_m2_bracket_material"/>
          <geom type="mesh" class="collision" pos="4.7122e-05 0.0664024 -0.07475" quat="0.5 0.5 0.5 -0.5" mesh="m3_to_m2_bracket" material="m3_to_m2_bracket_material"/>
          <!-- Part rs02_sim -->
          <geom type="mesh" class="visual" pos="4.7122e-05 0.0275524 -0.07475" quat="0.5 0.5 0.5 -0.5" mesh="rs02_sim" material="rs02_sim_material"/>
          <geom type="mesh" class="collision" pos="4.7122e-05 0.0275524 -0.07475" quat="0.5 0.5 0.5 -0.5" mesh="rs02_sim" material="rs02_sim_material"/>
          <!-- Part hex_socket_head_cap_screw_m3x0_50_x_14__4b1458786ed83667bf236981c19e652d_6 -->
          <geom type="mesh" class="visual" pos="0.028437 0.0239524 -0.0976905" quat="0.5 -0.5 0.5 0.5" mesh="hex_socket_head_cap_screw_m3x0_50_x_14__4b1458786ed83667bf236981c19e652d" material="hex_socket_head_cap_screw_m3x0_50_x_14__4b1458786ed83667bf236981c19e652d_material"/>
          <geom type="mesh" class="collision" pos="0.028437 0.0239524 -0.0976905" quat="0.5 -0.5 0.5 0.5" mesh="hex_socket_head_cap_screw_m3x0_50_x_14__4b1458786ed83667bf236981c19e652d" material="hex_socket_head_cap_screw_m3x0_50_x_14__4b1458786ed83667bf236981c19e652d_material"/>
          <!-- Part rs03_bridge_bracket_spacer -->
          <geom type="mesh" class="visual" pos="2.08167e-17 0.06635 -0.07475" quat="0.5 0.5 0.5 -0.5" mesh="rs03_bridge_bracket_spacer" material="rs03_bridge_bracket_spacer_material"/>
          <geom type="mesh" class="collision" pos="2.08167e-17 0.06635 -0.07475" quat="0.5 0.5 0.5 -0.5" mesh="rs03_bridge_bracket_spacer" material="rs03_bridge_bracket_spacer_material"/>
          <!-- Part hex_socket_head_cap_screw_m3x0_50_x_14__4b1458786ed83667bf236981c19e652d_7 -->
          <geom type="mesh" class="visual" pos="0.0275689 -0.0238476 -0.050775" quat="0.5 0.5 0.5 -0.5" mesh="hex_socket_head_cap_screw_m3x0_50_x_14__4b1458786ed83667bf236981c19e652d" material="hex_socket_head_cap_screw_m3x0_50_x_14__4b1458786ed83667bf236981c19e652d_material"/>
          <geom type="mesh" class="collision" pos="0.0275689 -0.0238476 -0.050775" quat="0.5 0.5 0.5 -0.5" mesh="hex_socket_head_cap_screw_m3x0_50_x_14__4b1458786ed83667bf236981c19e652d" material="hex_socket_head_cap_screw_m3x0_50_x_14__4b1458786ed83667bf236981c19e652d_material"/>
          <!-- Part hex_socket_head_cap_screw_m3x0_50_x_14__4b1458786ed83667bf236981c19e652d_8 -->
          <geom type="mesh" class="visual" pos="0.00571922 -0.0238476 -0.0386934" quat="0.5 0.5 0.5 -0.5" mesh="hex_socket_head_cap_screw_m3x0_50_x_14__4b1458786ed83667bf236981c19e652d" material="hex_socket_head_cap_screw_m3x0_50_x_14__4b1458786ed83667bf236981c19e652d_material"/>
          <geom type="mesh" class="collision" pos="0.00571922 -0.0238476 -0.0386934" quat="0.5 0.5 0.5 -0.5" mesh="hex_socket_head_cap_screw_m3x0_50_x_14__4b1458786ed83667bf236981c19e652d" material="hex_socket_head_cap_screw_m3x0_50_x_14__4b1458786ed83667bf236981c19e652d_material"/>
          <!-- Part hex_socket_head_cap_screw_m3x0_50_x_14__4b1458786ed83667bf236981c19e652d_9 -->
          <geom type="mesh" class="visual" pos="0.0275689 0.0239524 -0.050775" quat="0.5 -0.5 0.5 0.5" mesh="hex_socket_head_cap_screw_m3x0_50_x_14__4b1458786ed83667bf236981c19e652d" material="hex_socket_head_cap_screw_m3x0_50_x_14__4b1458786ed83667bf236981c19e652d_material"/>
          <geom type="mesh" class="collision" pos="0.0275689 0.0239524 -0.050775" quat="0.5 -0.5 0.5 0.5" mesh="hex_socket_head_cap_screw_m3x0_50_x_14__4b1458786ed83667bf236981c19e652d" material="hex_socket_head_cap_screw_m3x0_50_x_14__4b1458786ed83667bf236981c19e652d_material"/>
          <!-- Part hex_socket_head_cap_screw_m3x0_50_x_14__4b1458786ed83667bf236981c19e652d_10 -->
          <geom type="mesh" class="visual" pos="-0.0344767 0.0239524 -0.0629029" quat="0.5 -0.5 0.5 0.5" mesh="hex_socket_head_cap_screw_m3x0_50_x_14__4b1458786ed83667bf236981c19e652d" material="hex_socket_head_cap_screw_m3x0_50_x_14__4b1458786ed83667bf236981c19e652d_material"/>
          <geom type="mesh" class="collision" pos="-0.0344767 0.0239524 -0.0629029" quat="0.5 -0.5 0.5 0.5" mesh="hex_socket_head_cap_screw_m3x0_50_x_14__4b1458786ed83667bf236981c19e652d" material="hex_socket_head_cap_screw_m3x0_50_x_14__4b1458786ed83667bf236981c19e652d_material"/>
          <!-- Part hex_socket_head_cap_screw_m3x0_50_x_14__4b1458786ed83667bf236981c19e652d_11 -->
          <geom type="mesh" class="visual" pos="0.028437 -0.0238476 -0.0976905" quat="0.5 0.5 0.5 -0.5" mesh="hex_socket_head_cap_screw_m3x0_50_x_14__4b1458786ed83667bf236981c19e652d" material="hex_socket_head_cap_screw_m3x0_50_x_14__4b1458786ed83667bf236981c19e652d_material"/>
          <geom type="mesh" class="collision" pos="0.028437 -0.0238476 -0.0976905" quat="0.5 0.5 0.5 -0.5" mesh="hex_socket_head_cap_screw_m3x0_50_x_14__4b1458786ed83667bf236981c19e652d" material="hex_socket_head_cap_screw_m3x0_50_x_14__4b1458786ed83667bf236981c19e652d_material"/>
          <!-- Part hex_socket_head_cap_screw_m3x0_50_x_14__4b1458786ed83667bf236981c19e652d_12 -->
          <geom type="mesh" class="visual" pos="-0.0344767 -0.0238476 -0.0629029" quat="0.5 0.5 0.5 -0.5" mesh="hex_socket_head_cap_screw_m3x0_50_x_14__4b1458786ed83667bf236981c19e652d" material="hex_socket_head_cap_screw_m3x0_50_x_14__4b1458786ed83667bf236981c19e652d_material"/>
          <geom type="mesh" class="collision" pos="-0.0344767 -0.0238476 -0.0629029" quat="0.5 0.5 0.5 -0.5" mesh="hex_socket_head_cap_screw_m3x0_50_x_14__4b1458786ed83667bf236981c19e652d" material="hex_socket_head_cap_screw_m3x0_50_x_14__4b1458786ed83667bf236981c19e652d_material"/>
          <!-- Part hex_socket_head_cap_screw_m3x0_50_x_14__4b1458786ed83667bf236981c19e652d_13 -->
          <geom type="mesh" class="visual" pos="0.00704917 0.0239524 -0.110572" quat="0.5 -0.5 0.5 0.5" mesh="hex_socket_head_cap_screw_m3x0_50_x_14__4b1458786ed83667bf236981c19e652d" material="hex_socket_head_cap_screw_m3x0_50_x_14__4b1458786ed83667bf236981c19e652d_material"/>
          <geom type="mesh" class="collision" pos="0.00704917 0.0239524 -0.110572" quat="0.5 -0.5 0.5 0.5" mesh="hex_socket_head_cap_screw_m3x0_50_x_14__4b1458786ed83667bf236981c19e652d" material="hex_socket_head_cap_screw_m3x0_50_x_14__4b1458786ed83667bf236981c19e652d_material"/>
          <!-- Part hex_socket_head_cap_screw_m3x0_50_x_14__4b1458786ed83667bf236981c19e652d_14 -->
          <geom type="mesh" class="visual" pos="-0.017615 -0.0238476 -0.106692" quat="0.5 0.5 0.5 -0.5" mesh="hex_socket_head_cap_screw_m3x0_50_x_14__4b1458786ed83667bf236981c19e652d" material="hex_socket_head_cap_screw_m3x0_50_x_14__4b1458786ed83667bf236981c19e652d_material"/>
          <geom type="mesh" class="collision" pos="-0.017615 -0.0238476 -0.106692" quat="0.5 0.5 0.5 -0.5" mesh="hex_socket_head_cap_screw_m3x0_50_x_14__4b1458786ed83667bf236981c19e652d" material="hex_socket_head_cap_screw_m3x0_50_x_14__4b1458786ed83667bf236981c19e652d_material"/>
          <!-- Part hex_socket_head_cap_screw_m3x0_50_x_14__4b1458786ed83667bf236981c19e652d_15 -->
          <geom type="mesh" class="visual" pos="-0.017615 0.0239524 -0.106692" quat="0.5 -0.5 0.5 0.5" mesh="hex_socket_head_cap_screw_m3x0_50_x_14__4b1458786ed83667bf236981c19e652d" material="hex_socket_head_cap_screw_m3x0_50_x_14__4b1458786ed83667bf236981c19e652d_material"/>
          <geom type="mesh" class="collision" pos="-0.017615 0.0239524 -0.106692" quat="0.5 -0.5 0.5 0.5" mesh="hex_socket_head_cap_screw_m3x0_50_x_14__4b1458786ed83667bf236981c19e652d" material="hex_socket_head_cap_screw_m3x0_50_x_14__4b1458786ed83667bf236981c19e652d_material"/>
          <!-- Part hex_socket_head_cap_screw_m3x0_50_x_14__4b1458786ed83667bf236981c19e652d_16 -->
          <geom type="mesh" class="visual" pos="0.00704917 -0.0238476 -0.110572" quat="0.5 0.5 0.5 -0.5" mesh="hex_socket_head_cap_screw_m3x0_50_x_14__4b1458786ed83667bf236981c19e652d" material="hex_socket_head_cap_screw_m3x0_50_x_14__4b1458786ed83667bf236981c19e652d_material"/>
          <geom type="mesh" class="collision" pos="0.00704917 -0.0238476 -0.110572" quat="0.5 0.5 0.5 -0.5" mesh="hex_socket_head_cap_screw_m3x0_50_x_14__4b1458786ed83667bf236981c19e652d" material="hex_socket_head_cap_screw_m3x0_50_x_14__4b1458786ed83667bf236981c19e652d_material"/>
          <!-- Part m3_to_bearing_bracket -->
          <geom type="mesh" class="visual" pos="4.7122e-05 0.0664024 -0.07475" quat="0.5 0.5 0.5 -0.5" mesh="m3_to_bearing_bracket" material="m3_to_bearing_bracket_material"/>
          <geom type="mesh" class="collision" pos="4.7122e-05 0.0664024 -0.07475" quat="0.5 0.5 0.5 -0.5" mesh="m3_to_bearing_bracket" material="m3_to_bearing_bracket_material"/>
          <!-- Link part_3 -->
          <body name="body_3" pos="4.7122e-05 -0.0179476 -0.07475" quat="0.5 -0.5 -0.5 -0.5">
            <!-- Joint from rs03_bridge_bracket_spacer to part_3 -->
            <joint name="J3" type="hinge" range="-2.9670597283903604 2.9670597283903604"/>
            <inertial pos="-0.00543841 2.26502e-05 -0.156068" mass="1.04896" fullinertia="0.0155774 0.0153134 0.000747291 -3.65135e-07 -8.22514e-05 -2.70053e-07"/>
            <!-- Part main_plate -->
            <geom type="mesh" class="visual" pos="-0.0226 -2.52456e-16 -0.06425" quat="0.5 0.5 -0.5 0.5" mesh="main_plate" material="main_plate_material"/>
            <geom type="mesh" class="collision" pos="-0.0226 -2.52456e-16 -0.06425" quat="0.5 0.5 -0.5 0.5" mesh="main_plate" material="main_plate_material"/>
            <!-- Part hex_socket_head_cap_screw_m4x0_70_x_20__832e47d784177ea3f1dabbaab534416e -->
            <geom type="mesh" class="visual" pos="-0.012 -1.14519e-18 -0.013" quat="0 1 0 0" mesh="hex_socket_head_cap_screw_m4x0_70_x_20__832e47d784177ea3f1dabbaab534416e" material="hex_socket_head_cap_screw_m4x0_70_x_20__832e47d784177ea3f1dabbaab534416e_material"/>
            <geom type="mesh" class="collision" pos="-0.012 -1.14519e-18 -0.013" quat="0 1 0 0" mesh="hex_socket_head_cap_screw_m4x0_70_x_20__832e47d784177ea3f1dabbaab534416e" material="hex_socket_head_cap_screw_m4x0_70_x_20__832e47d784177ea3f1dabbaab534416e_material"/>
            <!-- Part hex_socket_head_cap_screw_m3x0_50_x_45_x_18__5709242446994bdab96d5ca724676e11 -->
            <geom type="mesh" class="visual" pos="0.0211 -0.0355439 -0.0273787" quat="1.28317e-16 -0.707107 -0 -0.707107" mesh="hex_socket_head_cap_screw_m3x0_50_x_45_x_18__5709242446994bdab96d5ca724676e11" material="hex_socket_head_cap_screw_m3x0_50_x_45_x_18__5709242446994bdab96d5ca724676e11_material"/>
            <geom type="mesh" class="collision" pos="0.0211 -0.0355439 -0.0273787" quat="1.28317e-16 -0.707107 -0 -0.707107" mesh="hex_socket_head_cap_screw_m3x0_50_x_45_x_18__5709242446994bdab96d5ca724676e11" material="hex_socket_head_cap_screw_m3x0_50_x_45_x_18__5709242446994bdab96d5ca724676e11_material"/>
            <!-- Part hex_socket_head_cap_screw_m3x0_50_x_12__42178f5eed9000eec67db91605b75f34 -->
            <geom type="mesh" class="visual" pos="0.0211 0.0188316 -0.0955169" quat="1.33612e-16 -0.707107 2.22045e-16 -0.707107" mesh="hex_socket_head_cap_screw_m3x0_50_x_12__42178f5eed9000eec67db91605b75f34" material="hex_socket_head_cap_screw_m3x0_50_x_12__42178f5eed9000eec67db91605b75f34_material"/>
            <geom type="mesh" class="collision" pos="0.0211 0.0188316 -0.0955169" quat="1.33612e-16 -0.707107 2.22045e-16 -0.707107" mesh="hex_socket_head_cap_screw_m3x0_50_x_12__42178f5eed9000eec67db91605b75f34" material="hex_socket_head_cap_screw_m3x0_50_x_12__42178f5eed9000eec67db91605b75f34_material"/>
            <!-- Part part_3 -->
            <geom type="mesh" class="visual" pos="-0.01625 -2.35814e-18 -0.06425" quat="0.5 -0.5 -0.5 -0.5" mesh="part_3" material="part_3_material"/>
            <geom type="mesh" class="collision" pos="-0.01625 -2.35814e-18 -0.06425" quat="0.5 -0.5 -0.5 -0.5" mesh="part_3" material="part_3_material"/>
            <!-- Part hex_socket_head_cap_screw_m3x0_50_x_12__42178f5eed9000eec67db91605b75f34_2 -->
            <geom type="mesh" class="visual" pos="-0.0256 0.034062 -0.0511339" quat="0.707107 -1.70556e-16 -0.707107 2.22045e-16" mesh="hex_socket_head_cap_screw_m3x0_50_x_12__42178f5eed9000eec67db91605b75f34" material="hex_socket_head_cap_screw_m3x0_50_x_12__42178f5eed9000eec67db91605b75f34_material"/>
            <geom type="mesh" class="collision" pos="-0.0256 0.034062 -0.0511339" quat="0.707107 -1.70556e-16 -0.707107 2.22045e-16" mesh="hex_socket_head_cap_screw_m3x0_50_x_12__42178f5eed9000eec67db91605b75f34" material="hex_socket_head_cap_screw_m3x0_50_x_12__42178f5eed9000eec67db91605b75f34_material"/>
            <!-- Part secondary_plate -->
            <geom type="mesh" class="visual" pos="0.0461 -2.24403e-16 -0.06425" quat="0.5 0.5 -0.5 0.5" mesh="secondary_plate" material="secondary_plate_material"/>
            <geom type="mesh" class="collision" pos="0.0461 -2.24403e-16 -0.06425" quat="0.5 0.5 -0.5 0.5" mesh="secondary_plate" material="secondary_plate_material"/>
            <!-- Part hex_socket_head_cap_screw_m3x0_50_x_40_x_18__b89d8d3b5b06642d585fdb132cd2ae7d -->
            <geom type="mesh" class="visual" pos="0.0211 0.016 -0.20055" quat="1.33612e-16 -0.707107 2.22045e-16 -0.707107" mesh="hex_socket_head_cap_screw_m3x0_50_x_40_x_18__b89d8d3b5b06642d585fdb132cd2ae7d" material="hex_socket_head_cap_screw_m3x0_50_x_40_x_18__b89d8d3b5b06642d585fdb132cd2ae7d_material"/>
            <geom type="mesh" class="collision" pos="0.0211 0.016 -0.20055" quat="1.33612e-16 -0.707107 2.22045e-16 -0.707107" mesh="hex_socket_head_cap_screw_m3x0_50_x_40_x_18__b89d8d3b5b06642d585fdb132cd2ae7d" material="hex_socket_head_cap_screw_m3x0_50_x_40_x_18__b89d8d3b5b06642d585fdb132cd2ae7d_material"/>
            <!-- Part hex_socket_head_cap_screw_m4x0_70_x_6__f66dbcfc8393ce0fec8473af389d54ab -->
            <geom type="mesh" class="visual" pos="-0.02655 0.00580672 -0.0747515" quat="0.5 -0.5 -0.5 0.5" mesh="hex_socket_head_cap_screw_m4x0_70_x_6__f66dbcfc8393ce0fec8473af389d54ab" material="hex_socket_head_cap_screw_m4x0_70_x_6__f66dbcfc8393ce0fec8473af389d54ab_material"/>
            <geom type="mesh" class="collision" pos="-0.02655 0.00580672 -0.0747515" quat="0.5 -0.5 -0.5 0.5" mesh="hex_socket_head_cap_screw_m4x0_70_x_6__f66dbcfc8393ce0fec8473af389d54ab" material="hex_socket_head_cap_screw_m4x0_70_x_6__f66dbcfc8393ce0fec8473af389d54ab_material"/>
            <!-- Part hex_socket_head_cap_screw_m3x0_50_x_40_x_18__b89d8d3b5b06642d585fdb132cd2ae7d_2 -->
            <geom type="mesh" class="visual" pos="0.0211 -0.016 -0.20055" quat="1.33612e-16 -0.707107 2.22045e-16 -0.707107" mesh="hex_socket_head_cap_screw_m3x0_50_x_40_x_18__b89d8d3b5b06642d585fdb132cd2ae7d" material="hex_socket_head_cap_screw_m3x0_50_x_40_x_18__b89d8d3b5b06642d585fdb132cd2ae7d_material"/>
            <geom type="mesh" class="collision" pos="0.0211 -0.016 -0.20055" quat="1.33612e-16 -0.707107 2.22045e-16 -0.707107" mesh="hex_socket_head_cap_screw_m3x0_50_x_40_x_18__b89d8d3b5b06642d585fdb132cd2ae7d" material="hex_socket_head_cap_screw_m3x0_50_x_40_x_18__b89d8d3b5b06642d585fdb132cd2ae7d_material"/>
            <!-- Part hex_socket_head_cap_screw_m4x0_70_x_6__f66dbcfc8393ce0fec8473af389d54ab_2 -->
            <geom type="mesh" class="visual" pos="-0.02655 -0.00580672 -0.0537485" quat="0.5 -0.5 -0.5 0.5" mesh="hex_socket_head_cap_screw_m4x0_70_x_6__f66dbcfc8393ce0fec8473af389d54ab" material="hex_socket_head_cap_screw_m4x0_70_x_6__f66dbcfc8393ce0fec8473af389d54ab_material"/>
            <geom type="mesh" class="collision" pos="-0.02655 -0.00580672 -0.0537485" quat="0.5 -0.5 -0.5 0.5" mesh="hex_socket_head_cap_screw_m4x0_70_x_6__f66dbcfc8393ce0fec8473af389d54ab" material="hex_socket_head_cap_screw_m4x0_70_x_6__f66dbcfc8393ce0fec8473af389d54ab_material"/>
            <!-- Part hex_socket_head_cap_screw_m3x0_50_x_12__42178f5eed9000eec67db91605b75f34_3 -->
            <geom type="mesh" class="visual" pos="0.0211 -0.0275212 -0.0882257" quat="1.33612e-16 -0.707107 2.22045e-16 -0.707107" mesh="hex_socket_head_cap_screw_m3x0_50_x_12__42178f5eed9000eec67db91605b75f34" material="hex_socket_head_cap_screw_m3x0_50_x_12__42178f5eed9000eec67db91605b75f34_material"/>
            <geom type="mesh" class="collision" pos="0.0211 -0.0275212 -0.0882257" quat="1.33612e-16 -0.707107 2.22045e-16 -0.707107" mesh="hex_socket_head_cap_screw_m3x0_50_x_12__42178f5eed9000eec67db91605b75f34" material="hex_socket_head_cap_screw_m3x0_50_x_12__42178f5eed9000eec67db91605b75f34_material"/>
            <!-- Part hex_socket_head_cap_screw_m3x0_50_x_45_x_18__5709242446994bdab96d5ca724676e11_2 -->
            <geom type="mesh" class="visual" pos="0.0211 0.02625 -0.0220941" quat="1.28317e-16 -0.707107 -0 -0.707107" mesh="hex_socket_head_cap_screw_m3x0_50_x_45_x_18__5709242446994bdab96d5ca724676e11" material="hex_socket_head_cap_screw_m3x0_50_x_45_x_18__5709242446994bdab96d5ca724676e11_material"/>
            <geom type="mesh" class="collision" pos="0.0211 0.02625 -0.0220941" quat="1.28317e-16 -0.707107 -0 -0.707107" mesh="hex_socket_head_cap_screw_m3x0_50_x_45_x_18__5709242446994bdab96d5ca724676e11" material="hex_socket_head_cap_screw_m3x0_50_x_45_x_18__5709242446994bdab96d5ca724676e11_material"/>
            <!-- Part hex_socket_head_cap_screw_m4x0_70_x_20__832e47d784177ea3f1dabbaab534416e_2 -->
            <geom type="mesh" class="visual" pos="0.006 -0.0103923 -0.013" quat="0 1 0 0" mesh="hex_socket_head_cap_screw_m4x0_70_x_20__832e47d784177ea3f1dabbaab534416e" material="hex_socket_head_cap_screw_m4x0_70_x_20__832e47d784177ea3f1dabbaab534416e_material"/>
            <geom type="mesh" class="collision" pos="0.006 -0.0103923 -0.013" quat="0 1 0 0" mesh="hex_socket_head_cap_screw_m4x0_70_x_20__832e47d784177ea3f1dabbaab534416e" material="hex_socket_head_cap_screw_m4x0_70_x_20__832e47d784177ea3f1dabbaab534416e_material"/>
            <!-- Part input_shaft_pulley_coupler -->
            <geom type="mesh" class="visual" pos="-0.01625 -2.24403e-16 -0.06425" quat="1.14357e-16 0.707107 0.707107 4.80111e-17" mesh="input_shaft_pulley_coupler" material="input_shaft_pulley_coupler_material"/>
            <geom type="mesh" class="collision" pos="-0.01625 -2.24403e-16 -0.06425" quat="1.14357e-16 0.707107 0.707107 4.80111e-17" mesh="input_shaft_pulley_coupler" material="input_shaft_pulley_coupler_material"/>
            <!-- Part hex_socket_head_cap_screw_m3x0_50_x_45_x_18__5709242446994bdab96d5ca724676e11_3 -->
            <geom type="mesh" class="visual" pos="0.0211 0.0355439 -0.0273787" quat="1.28317e-16 -0.707107 -0 -0.707107" mesh="hex_socket_head_cap_screw_m3x0_50_x_45_x_18__5709242446994bdab96d5ca724676e11" material="hex_socket_head_cap_screw_m3x0_50_x_45_x_18__5709242446994bdab96d5ca724676e11_material"/>
            <geom type="mesh" class="collision" pos="0.0211 0.0355439 -0.0273787" quat="1.28317e-16 -0.707107 -0 -0.707107" mesh="hex_socket_head_cap_screw_m3x0_50_x_45_x_18__5709242446994bdab96d5ca724676e11" material="hex_socket_head_cap_screw_m3x0_50_x_45_x_18__5709242446994bdab96d5ca724676e11_material"/>
            <!-- Part hex_socket_head_cap_screw_m3x0_50_x_12__42178f5eed9000eec67db91605b75f34_4 -->
            <geom type="mesh" class="visual" pos="0.0211 -0.00567116 -0.100307" quat="1.33612e-16 -0.707107 2.22045e-16 -0.707107" mesh="hex_socket_head_cap_screw_m3x0_50_x_12__42178f5eed9000eec67db91605b75f34" material="hex_socket_head_cap_screw_m3x0_50_x_12__42178f5eed9000eec67db91605b75f34_material"/>
            <geom type="mesh" class="collision" pos="0.0211 -0.00567116 -0.100307" quat="1.33612e-16 -0.707107 2.22045e-16 -0.707107" mesh="hex_socket_head_cap_screw_m3x0_50_x_12__42178f5eed9000eec67db91605b75f34" material="hex_socket_head_cap_screw_m3x0_50_x_12__42178f5eed9000eec67db91605b75f34_material"/>
            <!-- Part hex_socket_head_cap_screw_m4x0_70_x_6__f66dbcfc8393ce0fec8473af389d54ab_3 -->
            <geom type="mesh" class="visual" pos="-0.02655 0.0119979 -0.064472" quat="0.5 -0.5 -0.5 0.5" mesh="hex_socket_head_cap_screw_m4x0_70_x_6__f66dbcfc8393ce0fec8473af389d54ab" material="hex_socket_head_cap_screw_m4x0_70_x_6__f66dbcfc8393ce0fec8473af389d54ab_material"/>
            <geom type="mesh" class="collision" pos="-0.02655 0.0119979 -0.064472" quat="0.5 -0.5 -0.5 0.5" mesh="hex_socket_head_cap_screw_m4x0_70_x_6__f66dbcfc8393ce0fec8473af389d54ab" material="hex_socket_head_cap_screw_m4x0_70_x_6__f66dbcfc8393ce0fec8473af389d54ab_material"/>
            <!-- Part hex_socket_head_cap_screw_m4x0_70_x_20__832e47d784177ea3f1dabbaab534416e_3 -->
            <geom type="mesh" class="visual" pos="0.012 -2.36492e-18 -0.013" quat="0 1 0 0" mesh="hex_socket_head_cap_screw_m4x0_70_x_20__832e47d784177ea3f1dabbaab534416e" material="hex_socket_head_cap_screw_m4x0_70_x_20__832e47d784177ea3f1dabbaab534416e_material"/>
            <geom type="mesh" class="collision" pos="0.012 -2.36492e-18 -0.013" quat="0 1 0 0" mesh="hex_socket_head_cap_screw_m4x0_70_x_20__832e47d784177ea3f1dabbaab534416e" material="hex_socket_head_cap_screw_m4x0_70_x_20__832e47d784177ea3f1dabbaab534416e_material"/>
            <!-- Part hex_socket_head_cap_screw_m3x0_50_x_12__42178f5eed9000eec67db91605b75f34_5 -->
            <geom type="mesh" class="visual" pos="-0.0256 -0.0275218 -0.088225" quat="0.707107 -1.70556e-16 -0.707107 2.22045e-16" mesh="hex_socket_head_cap_screw_m3x0_50_x_12__42178f5eed9000eec67db91605b75f34" material="hex_socket_head_cap_screw_m3x0_50_x_12__42178f5eed9000eec67db91605b75f34_material"/>
            <geom type="mesh" class="collision" pos="-0.0256 -0.0275218 -0.088225" quat="0.707107 -1.70556e-16 -0.707107 2.22045e-16" mesh="hex_socket_head_cap_screw_m3x0_50_x_12__42178f5eed9000eec67db91605b75f34" material="hex_socket_head_cap_screw_m3x0_50_x_12__42178f5eed9000eec67db91605b75f34_material"/>
            <!-- Part anti_deflection_support -->
            <geom type="mesh" class="visual" pos="0.01175 -1.95983e-16 -0.33685" quat="0.5 -0.5 0.5 0.5" mesh="anti_deflection_support" material="anti_deflection_support_material"/>
            <geom type="mesh" class="collision" pos="0.01175 -1.95983e-16 -0.33685" quat="0.5 -0.5 0.5 0.5" mesh="anti_deflection_support" material="anti_deflection_support_material"/>
            <!-- Part input_pulley -->
            <geom type="mesh" class="visual" pos="-0.01675 -2.24403e-16 -0.06425" quat="9.6736e-17 0.707107 0.707107 3.03897e-17" mesh="input_pulley" material="input_pulley_material"/>
            <geom type="mesh" class="collision" pos="-0.01675 -2.24403e-16 -0.06425" quat="9.6736e-17 0.707107 0.707107 3.03897e-17" mesh="input_pulley" material="input_pulley_material"/>
            <!-- Part hex_socket_head_cap_screw_m3x0_50_x_45_x_18__5709242446994bdab96d5ca724676e11_4 -->
            <geom type="mesh" class="visual" pos="0.0211 -0.02625 -0.0220941" quat="1.28317e-16 -0.707107 -0 -0.707107" mesh="hex_socket_head_cap_screw_m3x0_50_x_45_x_18__5709242446994bdab96d5ca724676e11" material="hex_socket_head_cap_screw_m3x0_50_x_45_x_18__5709242446994bdab96d5ca724676e11_material"/>
            <geom type="mesh" class="collision" pos="0.0211 -0.02625 -0.0220941" quat="1.28317e-16 -0.707107 -0 -0.707107" mesh="hex_socket_head_cap_screw_m3x0_50_x_45_x_18__5709242446994bdab96d5ca724676e11" material="hex_socket_head_cap_screw_m3x0_50_x_45_x_18__5709242446994bdab96d5ca724676e11_material"/>
            <!-- Part hex_nut_grade_a___b_m3x0_5__efee9957898a49f0fc3bee2ce194c05c -->
            <geom type="mesh" class="visual" pos="-0.0238 -0.0355439 -0.0273787" quat="0.5 0.5 0.5 0.5" mesh="hex_nut_grade_a___b_m3x0_5__efee9957898a49f0fc3bee2ce194c05c" material="hex_nut_grade_a___b_m3x0_5__efee9957898a49f0fc3bee2ce194c05c_material"/>
            <geom type="mesh" class="collision" pos="-0.0238 -0.0355439 -0.0273787" quat="0.5 0.5 0.5 0.5" mesh="hex_nut_grade_a___b_m3x0_5__efee9957898a49f0fc3bee2ce194c05c" material="hex_nut_grade_a___b_m3x0_5__efee9957898a49f0fc3bee2ce194c05c_material"/>
            <!-- Part hex_socket_head_cap_screw_m4x0_70_x_6__f66dbcfc8393ce0fec8473af389d54ab_4 -->
            <geom type="mesh" class="visual" pos="-0.02655 0.00619122 -0.0539705" quat="0.5 -0.5 -0.5 0.5" mesh="hex_socket_head_cap_screw_m4x0_70_x_6__f66dbcfc8393ce0fec8473af389d54ab" material="hex_socket_head_cap_screw_m4x0_70_x_6__f66dbcfc8393ce0fec8473af389d54ab_material"/>
            <geom type="mesh" class="collision" pos="-0.02655 0.00619122 -0.0539705" quat="0.5 -0.5 -0.5 0.5" mesh="hex_socket_head_cap_screw_m4x0_70_x_6__f66dbcfc8393ce0fec8473af389d54ab" material="hex_socket_head_cap_screw_m4x0_70_x_6__f66dbcfc8393ce0fec8473af389d54ab_material"/>
            <!-- Part hex_socket_head_cap_screw_m3x0_50_x_12__42178f5eed9000eec67db91605b75f34_6 -->
            <geom type="mesh" class="visual" pos="-0.0256 -0.0364938 -0.0649252" quat="0.707107 -1.70556e-16 -0.707107 2.22045e-16" mesh="hex_socket_head_cap_screw_m3x0_50_x_12__42178f5eed9000eec67db91605b75f34" material="hex_socket_head_cap_screw_m3x0_50_x_12__42178f5eed9000eec67db91605b75f34_material"/>
            <geom type="mesh" class="collision" pos="-0.0256 -0.0364938 -0.0649252" quat="0.707107 -1.70556e-16 -0.707107 2.22045e-16" mesh="hex_socket_head_cap_screw_m3x0_50_x_12__42178f5eed9000eec67db91605b75f34" material="hex_socket_head_cap_screw_m3x0_50_x_12__42178f5eed9000eec67db91605b75f34_material"/>
            <!-- Part hex_socket_head_cap_screw_m4x0_70_x_20__832e47d784177ea3f1dabbaab534416e_4 -->
            <geom type="mesh" class="visual" pos="0.006 0.0103923 -0.013" quat="0 1 0 0" mesh="hex_socket_head_cap_screw_m4x0_70_x_20__832e47d784177ea3f1dabbaab534416e" material="hex_socket_head_cap_screw_m4x0_70_x_20__832e47d784177ea3f1dabbaab534416e_material"/>
            <geom type="mesh" class="collision" pos="0.006 0.0103923 -0.013" quat="0 1 0 0" mesh="hex_socket_head_cap_screw_m4x0_70_x_20__832e47d784177ea3f1dabbaab534416e" material="hex_socket_head_cap_screw_m4x0_70_x_20__832e47d784177ea3f1dabbaab534416e_material"/>
            <!-- Part hex_nut_grade_a___b_m3x0_5__efee9957898a49f0fc3bee2ce194c05c_2 -->
            <geom type="mesh" class="visual" pos="-0.0238 0.0355439 -0.0273787" quat="0.5 0.5 0.5 0.5" mesh="hex_nut_grade_a___b_m3x0_5__efee9957898a49f0fc3bee2ce194c05c" material="hex_nut_grade_a___b_m3x0_5__efee9957898a49f0fc3bee2ce194c05c_material"/>
            <geom type="mesh" class="collision" pos="-0.0238 0.0355439 -0.0273787" quat="0.5 0.5 0.5 0.5" mesh="hex_nut_grade_a___b_m3x0_5__efee9957898a49f0fc3bee2ce194c05c" material="hex_nut_grade_a___b_m3x0_5__efee9957898a49f0fc3bee2ce194c05c_material"/>
            <!-- Part hex_socket_head_cap_screw_m3x0_50_x_12__42178f5eed9000eec67db91605b75f34_7 -->
            <geom type="mesh" class="visual" pos="-0.0256 -0.0283899 -0.0413095" quat="0.707107 -1.70556e-16 -0.707107 2.22045e-16" mesh="hex_socket_head_cap_screw_m3x0_50_x_12__42178f5eed9000eec67db91605b75f34" material="hex_socket_head_cap_screw_m3x0_50_x_12__42178f5eed9000eec67db91605b75f34_material"/>
            <geom type="mesh" class="collision" pos="-0.0256 -0.0283899 -0.0413095" quat="0.707107 -1.70556e-16 -0.707107 2.22045e-16" mesh="hex_socket_head_cap_screw_m3x0_50_x_12__42178f5eed9000eec67db91605b75f34" material="hex_socket_head_cap_screw_m3x0_50_x_12__42178f5eed9000eec67db91605b75f34_material"/>
            <!-- Part hex_socket_head_cap_screw_m3x0_50_x_12__42178f5eed9000eec67db91605b75f34_8 -->
            <geom type="mesh" class="visual" pos="-0.0256 -0.0056721 -0.100307" quat="0.707107 -1.70556e-16 -0.707107 2.22045e-16" mesh="hex_socket_head_cap_screw_m3x0_50_x_12__42178f5eed9000eec67db91605b75f34" material="hex_socket_head_cap_screw_m3x0_50_x_12__42178f5eed9000eec67db91605b75f34_material"/>
            <geom type="mesh" class="collision" pos="-0.0256 -0.0056721 -0.100307" quat="0.707107 -1.70556e-16 -0.707107 2.22045e-16" mesh="hex_socket_head_cap_screw_m3x0_50_x_12__42178f5eed9000eec67db91605b75f34" material="hex_socket_head_cap_screw_m3x0_50_x_12__42178f5eed9000eec67db91605b75f34_material"/>
            <!-- Part part_4 -->
            <geom type="mesh" class="visual" pos="-0.01625 -2.10525e-16 -0.06425" quat="0.5 -0.5 -0.5 -0.5" mesh="part_4" material="part_4_material"/>
            <geom type="mesh" class="collision" pos="-0.01625 -2.10525e-16 -0.06425" quat="0.5 -0.5 -0.5 -0.5" mesh="part_4" material="part_4_material"/>
            <!-- Part hex_socket_head_cap_screw_m3x0_50_x_12__42178f5eed9000eec67db91605b75f34_9 -->
            <geom type="mesh" class="visual" pos="0.0211 0.0345242 -0.0760962" quat="1.33612e-16 -0.707107 2.22045e-16 -0.707107" mesh="hex_socket_head_cap_screw_m3x0_50_x_12__42178f5eed9000eec67db91605b75f34" material="hex_socket_head_cap_screw_m3x0_50_x_12__42178f5eed9000eec67db91605b75f34_material"/>
            <geom type="mesh" class="collision" pos="0.0211 0.0345242 -0.0760962" quat="1.33612e-16 -0.707107 2.22045e-16 -0.707107" mesh="hex_socket_head_cap_screw_m3x0_50_x_12__42178f5eed9000eec67db91605b75f34" material="hex_socket_head_cap_screw_m3x0_50_x_12__42178f5eed9000eec67db91605b75f34_material"/>
            <!-- Part 90630a115_high_strength_steel_nylon_insert_locknut -->
            <geom type="mesh" class="visual" pos="0.02097 -1.67645e-16 -0.37225" quat="0.707107 2.91046e-16 2.77556e-16 -0.707107" mesh="90630a115_high_strength_steel_nylon_insert_locknut" material="90630a115_high_strength_steel_nylon_insert_locknut_material"/>
            <geom type="mesh" class="collision" pos="0.02097 -1.67645e-16 -0.37225" quat="0.707107 2.91046e-16 2.77556e-16 -0.707107" mesh="90630a115_high_strength_steel_nylon_insert_locknut" material="90630a115_high_strength_steel_nylon_insert_locknut_material"/>
            <!-- Part hex_nut_grade_a___b_m3x0_5__efee9957898a49f0fc3bee2ce194c05c_3 -->
            <geom type="mesh" class="visual" pos="-0.0238 -0.02625 -0.0220941" quat="0.5 0.5 0.5 0.5" mesh="hex_nut_grade_a___b_m3x0_5__efee9957898a49f0fc3bee2ce194c05c" material="hex_nut_grade_a___b_m3x0_5__efee9957898a49f0fc3bee2ce194c05c_material"/>
            <geom type="mesh" class="collision" pos="-0.0238 -0.02625 -0.0220941" quat="0.5 0.5 0.5 0.5" mesh="hex_nut_grade_a___b_m3x0_5__efee9957898a49f0fc3bee2ce194c05c" material="hex_nut_grade_a___b_m3x0_5__efee9957898a49f0fc3bee2ce194c05c_material"/>
            <!-- Part hex_socket_head_cap_screw_m4x0_70_x_6__f66dbcfc8393ce0fec8473af389d54ab_5 -->
            <geom type="mesh" class="visual" pos="-0.02655 -0.0119979 -0.064028" quat="0.5 -0.5 -0.5 0.5" mesh="hex_socket_head_cap_screw_m4x0_70_x_6__f66dbcfc8393ce0fec8473af389d54ab" material="hex_socket_head_cap_screw_m4x0_70_x_6__f66dbcfc8393ce0fec8473af389d54ab_material"/>
            <geom type="mesh" class="collision" pos="-0.02655 -0.0119979 -0.064028" quat="0.5 -0.5 -0.5 0.5" mesh="hex_socket_head_cap_screw_m4x0_70_x_6__f66dbcfc8393ce0fec8473af389d54ab" material="hex_socket_head_cap_screw_m4x0_70_x_6__f66dbcfc8393ce0fec8473af389d54ab_material"/>
            <!-- Part hex_socket_head_cap_screw_m3x0_50_x_12__42178f5eed9000eec67db91605b75f34_10 -->
            <geom type="mesh" class="visual" pos="-0.0256 0.0345239 -0.0760971" quat="0.707107 -1.70556e-16 -0.707107 2.22045e-16" mesh="hex_socket_head_cap_screw_m3x0_50_x_12__42178f5eed9000eec67db91605b75f34" material="hex_socket_head_cap_screw_m3x0_50_x_12__42178f5eed9000eec67db91605b75f34_material"/>
            <geom type="mesh" class="collision" pos="-0.0256 0.0345239 -0.0760971" quat="0.707107 -1.70556e-16 -0.707107 2.22045e-16" mesh="hex_socket_head_cap_screw_m3x0_50_x_12__42178f5eed9000eec67db91605b75f34" material="hex_socket_head_cap_screw_m3x0_50_x_12__42178f5eed9000eec67db91605b75f34_material"/>
            <!-- Part hex_socket_head_cap_screw_m4x0_70_x_20__832e47d784177ea3f1dabbaab534416e_5 -->
            <geom type="mesh" class="visual" pos="-0.006 0.0103923 -0.013" quat="0 1 0 0" mesh="hex_socket_head_cap_screw_m4x0_70_x_20__832e47d784177ea3f1dabbaab534416e" material="hex_socket_head_cap_screw_m4x0_70_x_20__832e47d784177ea3f1dabbaab534416e_material"/>
            <geom type="mesh" class="collision" pos="-0.006 0.0103923 -0.013" quat="0 1 0 0" mesh="hex_socket_head_cap_screw_m4x0_70_x_20__832e47d784177ea3f1dabbaab534416e" material="hex_socket_head_cap_screw_m4x0_70_x_20__832e47d784177ea3f1dabbaab534416e_material"/>
            <!-- Part mock_flanged_ball_bearing -->
            <geom type="mesh" class="visual" pos="0.0181 -1.67645e-16 -0.37225" quat="0.707107 2.61682e-16 0.707107 1.11022e-16" mesh="mock_flanged_ball_bearing" material="mock_flanged_ball_bearing_material"/>
            <geom type="mesh" class="collision" pos="0.0181 -1.67645e-16 -0.37225" quat="0.707107 2.61682e-16 0.707107 1.11022e-16" mesh="mock_flanged_ball_bearing" material="mock_flanged_ball_bearing_material"/>
            <!-- Part hex_socket_head_cap_screw_m3x0_50_x_12__42178f5eed9000eec67db91605b75f34_11 -->
            <geom type="mesh" class="visual" pos="-0.0256 0.0176621 -0.0323079" quat="0.707107 -1.70556e-16 -0.707107 2.22045e-16" mesh="hex_socket_head_cap_screw_m3x0_50_x_12__42178f5eed9000eec67db91605b75f34" material="hex_socket_head_cap_screw_m3x0_50_x_12__42178f5eed9000eec67db91605b75f34_material"/>
            <geom type="mesh" class="collision" pos="-0.0256 0.0176621 -0.0323079" quat="0.707107 -1.70556e-16 -0.707107 2.22045e-16" mesh="hex_socket_head_cap_screw_m3x0_50_x_12__42178f5eed9000eec67db91605b75f34" material="hex_socket_head_cap_screw_m3x0_50_x_12__42178f5eed9000eec67db91605b75f34_material"/>
            <!-- Part rs01_sim_2 -->
            <geom type="mesh" class="visual" pos="0.01175 -2.27872e-16 -0.06425" quat="1.14486e-16 -0.707107 -1.11022e-16 0.707107" mesh="rs01_sim" material="rs01_sim_material"/>
            <geom type="mesh" class="collision" pos="0.01175 -2.27872e-16 -0.06425" quat="1.14486e-16 -0.707107 -1.11022e-16 0.707107" mesh="rs01_sim" material="rs01_sim_material"/>
            <!-- Part hex_socket_head_cap_screw_m3x0_50_x_12__42178f5eed9000eec67db91605b75f34_12 -->
            <geom type="mesh" class="visual" pos="-0.0256 0.0188316 -0.0955169" quat="0.707107 -1.70556e-16 -0.707107 2.22045e-16" mesh="hex_socket_head_cap_screw_m3x0_50_x_12__42178f5eed9000eec67db91605b75f34" material="hex_socket_head_cap_screw_m3x0_50_x_12__42178f5eed9000eec67db91605b75f34_material"/>
            <geom type="mesh" class="collision" pos="-0.0256 0.0188316 -0.0955169" quat="0.707107 -1.70556e-16 -0.707107 2.22045e-16" mesh="hex_socket_head_cap_screw_m3x0_50_x_12__42178f5eed9000eec67db91605b75f34" material="hex_socket_head_cap_screw_m3x0_50_x_12__42178f5eed9000eec67db91605b75f34_material"/>
            <!-- Part hex_socket_head_cap_screw_m4x0_70_x_6__f66dbcfc8393ce0fec8473af389d54ab_6 -->
            <geom type="mesh" class="visual" pos="-0.02655 -0.00619122 -0.0745295" quat="0.5 -0.5 -0.5 0.5" mesh="hex_socket_head_cap_screw_m4x0_70_x_6__f66dbcfc8393ce0fec8473af389d54ab" material="hex_socket_head_cap_screw_m4x0_70_x_6__f66dbcfc8393ce0fec8473af389d54ab_material"/>
            <geom type="mesh" class="collision" pos="-0.02655 -0.00619122 -0.0745295" quat="0.5 -0.5 -0.5 0.5" mesh="hex_socket_head_cap_screw_m4x0_70_x_6__f66dbcfc8393ce0fec8473af389d54ab" material="hex_socket_head_cap_screw_m4x0_70_x_6__f66dbcfc8393ce0fec8473af389d54ab_material"/>
            <!-- Part hex_socket_head_cap_screw_m3x0_50_x_12__42178f5eed9000eec67db91605b75f34_13 -->
            <geom type="mesh" class="visual" pos="-0.0256 -0.00700204 -0.0284279" quat="0.707107 -1.70556e-16 -0.707107 2.22045e-16" mesh="hex_socket_head_cap_screw_m3x0_50_x_12__42178f5eed9000eec67db91605b75f34" material="hex_socket_head_cap_screw_m3x0_50_x_12__42178f5eed9000eec67db91605b75f34_material"/>
            <geom type="mesh" class="collision" pos="-0.0256 -0.00700204 -0.0284279" quat="0.707107 -1.70556e-16 -0.707107 2.22045e-16" mesh="hex_socket_head_cap_screw_m3x0_50_x_12__42178f5eed9000eec67db91605b75f34" material="hex_socket_head_cap_screw_m3x0_50_x_12__42178f5eed9000eec67db91605b75f34_material"/>
            <!-- Part mock_flanged_ball_bearing_2 -->
            <geom type="mesh" class="visual" pos="-0.0226 -1.67645e-16 -0.37225" quat="5.96257e-17 -0.707107 -2.22045e-16 0.707107" mesh="mock_flanged_ball_bearing" material="mock_flanged_ball_bearing_material"/>
            <geom type="mesh" class="collision" pos="-0.0226 -1.67645e-16 -0.37225" quat="5.96257e-17 -0.707107 -2.22045e-16 0.707107" mesh="mock_flanged_ball_bearing" material="mock_flanged_ball_bearing_material"/>
            <!-- Part hex_nut_grade_a___b_m3x0_5__efee9957898a49f0fc3bee2ce194c05c_4 -->
            <geom type="mesh" class="visual" pos="-0.0238 0.02625 -0.0220941" quat="0.5 0.5 0.5 0.5" mesh="hex_nut_grade_a___b_m3x0_5__efee9957898a49f0fc3bee2ce194c05c" material="hex_nut_grade_a___b_m3x0_5__efee9957898a49f0fc3bee2ce194c05c_material"/>
            <geom type="mesh" class="collision" pos="-0.0238 0.02625 -0.0220941" quat="0.5 0.5 0.5 0.5" mesh="hex_nut_grade_a___b_m3x0_5__efee9957898a49f0fc3bee2ce194c05c" material="hex_nut_grade_a___b_m3x0_5__efee9957898a49f0fc3bee2ce194c05c_material"/>
            <!-- Part hex_socket_head_cap_screw_m4x0_70_x_20__832e47d784177ea3f1dabbaab534416e_6 -->
            <geom type="mesh" class="visual" pos="-0.006 -0.0103923 -0.013" quat="0 1 0 0" mesh="hex_socket_head_cap_screw_m4x0_70_x_20__832e47d784177ea3f1dabbaab534416e" material="hex_socket_head_cap_screw_m4x0_70_x_20__832e47d784177ea3f1dabbaab534416e_material"/>
            <geom type="mesh" class="collision" pos="-0.006 -0.0103923 -0.013" quat="0 1 0 0" mesh="hex_socket_head_cap_screw_m4x0_70_x_20__832e47d784177ea3f1dabbaab534416e" material="hex_socket_head_cap_screw_m4x0_70_x_20__832e47d784177ea3f1dabbaab534416e_material"/>
            <!-- Link shaft_v2 -->
            <body name="body_4" pos="-0.01752 -1.71114e-16 -0.37225" quat="0.5 0.5 -0.5 -0.5">
              <!-- Joint from part_3 to shaft_v2 -->
              <joint name="J4" type="hinge" range="-0.9599310885968813 3.141592653589793"/>
              <inertial pos="-0.125064 -0.0347249 -0.00902286" mass="0.635073" fullinertia="0.000697958 0.00923931 0.00947847 -0.00114031 -0.000495907 -0.000138487"/>
              <!-- Part part_1 -->
              <geom type="mesh" class="visual" pos="-0.427065 -0.0491491 -0.01527" quat="0.5 0.5 -0.5 0.5" mesh="part_1" material="part_1_material"/>
              <geom type="mesh" class="collision" pos="-0.427065 -0.0491491 -0.01527" quat="0.5 0.5 -0.5 0.5" mesh="part_1" material="part_1_material"/>
              <!-- Part part_1_2 -->
              <geom type="mesh" class="visual" pos="-0.449115 -0.0141491 -0.03827" quat="4.04423e-16 0.707107 -1.11022e-16 0.707107" mesh="part_1__2" material="part_1__2_material"/>
              <geom type="mesh" class="collision" pos="-0.449115 -0.0141491 -0.03827" quat="4.04423e-16 0.707107 -1.11022e-16 0.707107" mesh="part_1__2" material="part_1__2_material"/>
              <!-- Part inner_mount_wrist_adapter -->
              <geom type="mesh" class="visual" pos="-0.0944146 -0.0491491 -0.01527" quat="0.707107 -4.91914e-16 -0.707107 -1.11022e-16" mesh="inner_mount_wrist_adapter" material="inner_mount_wrist_adapter_material"/>
              <geom type="mesh" class="collision" pos="-0.0944146 -0.0491491 -0.01527" quat="0.707107 -4.91914e-16 -0.707107 -1.11022e-16" mesh="inner_mount_wrist_adapter" material="inner_mount_wrist_adapter_material"/>
              <!-- Part hex_socket_head_cap_screw_m3x0_50_x_14__4b1458786ed83667bf236981c19e652d_17 -->
              <geom type="mesh" class="visual" pos="-0.00972743 0.00681122 -0.021445" quat="5.01541e-16 -0.887011 -0.461749 4.03728e-16" mesh="hex_socket_head_cap_screw_m3x0_50_x_14__4b1458786ed83667bf236981c19e652d" material="hex_socket_head_cap_screw_m3x0_50_x_14__4b1458786ed83667bf236981c19e652d_material"/>
              <geom type="mesh" class="collision" pos="-0.00972743 0.00681122 -0.021445" quat="5.01541e-16 -0.887011 -0.461749 4.03728e-16" mesh="hex_socket_head_cap_screw_m3x0_50_x_14__4b1458786ed83667bf236981c19e652d" material="hex_socket_head_cap_screw_m3x0_50_x_14__4b1458786ed83667bf236981c19e652d_material"/>
              <!-- Part part_1_3 -->
              <geom type="mesh" class="visual" pos="-0.536294 -0.0500241 -0.0861892" quat="0.5 0.5 0.5 0.5" mesh="part_1__3" material="part_1__3_material"/>
              <geom type="mesh" class="collision" pos="-0.536294 -0.0500241 -0.0861892" quat="0.5 0.5 0.5 0.5" mesh="part_1__3" material="part_1__3_material"/>
              <!-- Part wrist_v2 -->
              <geom type="mesh" class="visual" pos="0.176662 0.252299 -0.00127" quat="0.627211 -0.627211 -0.326506 0.326506" mesh="wrist_v2" material="wrist_v2_material"/>
              <geom type="mesh" class="collision" pos="0.176662 0.252299 -0.00127" quat="0.627211 -0.627211 -0.326506 0.326506" mesh="wrist_v2" material="wrist_v2_material"/>
              <!-- Part hex_socket_head_cap_screw_m3x0_50_x_25__e4c7bcc9e282bb299af9818127073403 -->
              <geom type="mesh" class="visual" pos="-0.0844146 -0.0491491 -0.002095" quat="0.887011 -2.10548e-15 -2.38698e-15 -0.461749" mesh="hex_socket_head_cap_screw_m3x0_50_x_25__e4c7bcc9e282bb299af9818127073403" material="hex_socket_head_cap_screw_m3x0_50_x_25__e4c7bcc9e282bb299af9818127073403_material"/>
              <geom type="mesh" class="collision" pos="-0.0844146 -0.0491491 -0.002095" quat="0.887011 -2.10548e-15 -2.38698e-15 -0.461749" mesh="hex_socket_head_cap_screw_m3x0_50_x_25__e4c7bcc9e282bb299af9818127073403" material="hex_socket_head_cap_screw_m3x0_50_x_25__e4c7bcc9e282bb299af9818127073403_material"/>
              <!-- Part hex_socket_head_cap_screw_m3x0_50_x_14__4b1458786ed83667bf236981c19e652d_18 -->
              <geom type="mesh" class="visual" pos="-0.00103497 -0.0118298 -0.021445" quat="5.01541e-16 -0.887011 -0.461749 4.03728e-16" mesh="hex_socket_head_cap_screw_m3x0_50_x_14__4b1458786ed83667bf236981c19e652d" material="hex_socket_head_cap_screw_m3x0_50_x_14__4b1458786ed83667bf236981c19e652d_material"/>
              <geom type="mesh" class="collision" pos="-0.00103497 -0.0118298 -0.021445" quat="5.01541e-16 -0.887011 -0.461749 4.03728e-16" mesh="hex_socket_head_cap_screw_m3x0_50_x_14__4b1458786ed83667bf236981c19e652d" material="hex_socket_head_cap_screw_m3x0_50_x_14__4b1458786ed83667bf236981c19e652d_material"/>
              <!-- Part part_1_4 -->
              <geom type="mesh" class="visual" pos="-0.471165 -0.0491491 -0.011995" quat="0.707107 -0 -1.11022e-16 0.707107" mesh="part_1__4" material="part_1__4_material"/>
              <geom type="mesh" class="collision" pos="-0.471165 -0.0491491 -0.011995" quat="0.707107 -0 -1.11022e-16 0.707107" mesh="part_1__4" material="part_1__4_material"/>
              <!-- Part tube_end_effector -->
              <geom type="mesh" class="visual" pos="-0.704291 -0.350597 -0.00127" quat="0.326506 -0.326506 0.627211 -0.627211" mesh="tube_end_effector" material="tube_end_effector_material"/>
              <geom type="mesh" class="collision" pos="-0.704291 -0.350597 -0.00127" quat="0.326506 -0.326506 0.627211 -0.627211" mesh="tube_end_effector" material="tube_end_effector_material"/>
              <!-- Part tube_bracket_half_1 -->
              <geom type="mesh" class="visual" pos="-0.427065 -0.0491491 -0.01527" quat="0.5 -0.5 0.5 0.5" mesh="tube_bracket_half_1" material="tube_bracket_half_1_material"/>
              <geom type="mesh" class="collision" pos="-0.427065 -0.0491491 -0.01527" quat="0.5 -0.5 0.5 0.5" mesh="tube_bracket_half_1" material="tube_bracket_half_1_material"/>
              <!-- Part trapezoidal_spacer_complidant_side -->
              <geom type="mesh" class="visual" pos="0.252299 -0.176662 -0.00127" quat="0.67438 -0.67438 0.212631 -0.212631" mesh="trapezoidal_spacer_complidant_side" material="trapezoidal_spacer_complidant_side_material"/>
              <geom type="mesh" class="collision" pos="0.252299 -0.176662 -0.00127" quat="0.67438 -0.67438 0.212631 -0.212631" mesh="trapezoidal_spacer_complidant_side" material="trapezoidal_spacer_complidant_side_material"/>
              <!-- Part part_1_5 -->
              <geom type="mesh" class="visual" pos="-0.4921 -0.0496741 0.011455" quat="0.270598 -0.653281 0.653281 -0.270598" mesh="part_1__5" material="part_1__5_material"/>
              <geom type="mesh" class="collision" pos="-0.4921 -0.0496741 0.011455" quat="0.270598 -0.653281 0.653281 -0.270598" mesh="part_1__5" material="part_1__5_material"/>
              <!-- Part part_1_6 -->
              <geom type="mesh" class="visual" pos="-0.4921 -0.0496741 -0.041995" quat="0.653281 0.270598 0.270598 0.653281" mesh="part_1__5" material="part_1__5_material"/>
              <geom type="mesh" class="collision" pos="-0.4921 -0.0496741 -0.041995" quat="0.653281 0.270598 0.270598 0.653281" mesh="part_1__5" material="part_1__5_material"/>
              <!-- Part coordinate_frame -->
              <geom type="mesh" class="visual" pos="-0.554415 -0.0491491 -0.01527" quat="0.5 0.5 -0.5 0.5" mesh="coordinate_frame" material="coordinate_frame_material"/>
              <geom type="mesh" class="collision" pos="-0.554415 -0.0491491 -0.01527" quat="0.5 0.5 -0.5 0.5" mesh="coordinate_frame" material="coordinate_frame_material"/>
               <site group="0" name="endeff" pos="-0.554415 -0.0491491 -0.01527" quat="0.5 0.5 -0.5 0.5"/>
              <!-- Part shaft_v2 -->
              <geom type="mesh" class="visual" pos="0.308 0 -0.00127" quat="0.707107 -0.707107 0 -3.41712e-48" mesh="shaft_v2" material="shaft_v2_material"/>
              <geom type="mesh" class="collision" pos="0.308 0 -0.00127" quat="0.707107 -0.707107 0 -3.41712e-48" mesh="shaft_v2" material="shaft_v2_material"/>
              <!-- Part wrist_bracket_1 -->
              <geom type="mesh" class="visual" pos="0.176662 0.252299 -0.001145" quat="0.627211 -0.627211 -0.326506 0.326506" mesh="wrist_bracket_1" material="wrist_bracket_1_material"/>
              <geom type="mesh" class="collision" pos="0.176662 0.252299 -0.001145" quat="0.627211 -0.627211 -0.326506 0.326506" mesh="wrist_bracket_1" material="wrist_bracket_1_material"/>
              <!-- Part hex_nut_grade_a___b_m3x0_5__efee9957898a49f0fc3bee2ce194c05c_5 -->
              <geom type="mesh" class="visual" pos="-0.0724146 -0.0491491 -0.026645" quat="0.887011 -1.87178e-17 -2.77556e-17 0.461749" mesh="hex_nut_grade_a___b_m3x0_5__efee9957898a49f0fc3bee2ce194c05c__2" material="hex_nut_grade_a___b_m3x0_5__efee9957898a49f0fc3bee2ce194c05c__2_material"/>
              <geom type="mesh" class="collision" pos="-0.0724146 -0.0491491 -0.026645" quat="0.887011 -1.87178e-17 -2.77556e-17 0.461749" mesh="hex_nut_grade_a___b_m3x0_5__efee9957898a49f0fc3bee2ce194c05c__2" material="hex_nut_grade_a___b_m3x0_5__efee9957898a49f0fc3bee2ce194c05c__2_material"/>
              <!-- Part a_base_t42____8_clearance_hole1 -->
              <geom type="mesh" class="visual" pos="-0.474165 -0.0491491 -0.01527" quat="0.5 0.5 -0.5 0.5" mesh="a_base_t42____8_clearance_hole1" material="a_base_t42____8_clearance_hole1_material"/>
              <geom type="mesh" class="collision" pos="-0.474165 -0.0491491 -0.01527" quat="0.5 0.5 -0.5 0.5" mesh="a_base_t42____8_clearance_hole1" material="a_base_t42____8_clearance_hole1_material"/>
              <!-- Part belt_cap -->
              <geom type="mesh" class="visual" pos="-4.75897e-17 0.308 -0.005" quat="0.5 -0.5 -0.5 0.5" mesh="belt_cap" material="belt_cap_material"/>
              <geom type="mesh" class="collision" pos="-4.75897e-17 0.308 -0.005" quat="0.5 -0.5 -0.5 0.5" mesh="belt_cap" material="belt_cap_material"/>
              <!-- Part hex_nut_grade_a___b_m3x0_5__efee9957898a49f0fc3bee2ce194c05c_6 -->
              <geom type="mesh" class="visual" pos="-0.0844146 -0.0491491 -0.026645" quat="0.887011 -1.87178e-17 -0 0.461749" mesh="hex_nut_grade_a___b_m3x0_5__efee9957898a49f0fc3bee2ce194c05c__2" material="hex_nut_grade_a___b_m3x0_5__efee9957898a49f0fc3bee2ce194c05c__2_material"/>
              <geom type="mesh" class="collision" pos="-0.0844146 -0.0491491 -0.026645" quat="0.887011 -1.87178e-17 -0 0.461749" mesh="hex_nut_grade_a___b_m3x0_5__efee9957898a49f0fc3bee2ce194c05c__2" material="hex_nut_grade_a___b_m3x0_5__efee9957898a49f0fc3bee2ce194c05c__2_material"/>
              <!-- Part hex_socket_head_cap_screw_m3x0_50_x_14__4b1458786ed83667bf236981c19e652d_19 -->
              <geom type="mesh" class="visual" pos="0.0107624 0.00501859 -0.021445" quat="5.01541e-16 -0.887011 -0.461749 4.03728e-16" mesh="hex_socket_head_cap_screw_m3x0_50_x_14__4b1458786ed83667bf236981c19e652d" material="hex_socket_head_cap_screw_m3x0_50_x_14__4b1458786ed83667bf236981c19e652d_material"/>
              <geom type="mesh" class="collision" pos="0.0107624 0.00501859 -0.021445" quat="5.01541e-16 -0.887011 -0.461749 4.03728e-16" mesh="hex_socket_head_cap_screw_m3x0_50_x_14__4b1458786ed83667bf236981c19e652d" material="hex_socket_head_cap_screw_m3x0_50_x_14__4b1458786ed83667bf236981c19e652d_material"/>
              <!-- Part hex_socket_head_cap_screw_m3x0_50_x_14__4b1458786ed83667bf236981c19e652d_20 -->
              <geom type="mesh" class="visual" pos="-0.0107624 -0.00501859 -0.021445" quat="5.01541e-16 -0.887011 -0.461749 4.03728e-16" mesh="hex_socket_head_cap_screw_m3x0_50_x_14__4b1458786ed83667bf236981c19e652d" material="hex_socket_head_cap_screw_m3x0_50_x_14__4b1458786ed83667bf236981c19e652d_material"/>
              <geom type="mesh" class="collision" pos="-0.0107624 -0.00501859 -0.021445" quat="5.01541e-16 -0.887011 -0.461749 4.03728e-16" mesh="hex_socket_head_cap_screw_m3x0_50_x_14__4b1458786ed83667bf236981c19e652d" material="hex_socket_head_cap_screw_m3x0_50_x_14__4b1458786ed83667bf236981c19e652d_material"/>
              <!-- Part hex_socket_head_cap_screw_m3x0_50_x_25__e4c7bcc9e282bb299af9818127073403_2 -->
              <geom type="mesh" class="visual" pos="-0.0724146 -0.0491491 -0.002095" quat="0.887011 -2.10548e-15 -2.38698e-15 -0.461749" mesh="hex_socket_head_cap_screw_m3x0_50_x_25__e4c7bcc9e282bb299af9818127073403" material="hex_socket_head_cap_screw_m3x0_50_x_25__e4c7bcc9e282bb299af9818127073403_material"/>
              <geom type="mesh" class="collision" pos="-0.0724146 -0.0491491 -0.002095" quat="0.887011 -2.10548e-15 -2.38698e-15 -0.461749" mesh="hex_socket_head_cap_screw_m3x0_50_x_25__e4c7bcc9e282bb299af9818127073403" material="hex_socket_head_cap_screw_m3x0_50_x_25__e4c7bcc9e282bb299af9818127073403_material"/>
              <!-- Part 90630a115_high_strength_steel_nylon_insert_locknut_2 -->
              <geom type="mesh" class="visual" pos="-5.89806e-17 0 0.02835" quat="0.707107 0.707107 1.66533e-15 -1.83505e-15" mesh="90630a115_high_strength_steel_nylon_insert_locknut" material="90630a115_high_strength_steel_nylon_insert_locknut_material"/>
              <geom type="mesh" class="collision" pos="-5.89806e-17 0 0.02835" quat="0.707107 0.707107 1.66533e-15 -1.83505e-15" mesh="90630a115_high_strength_steel_nylon_insert_locknut" material="90630a115_high_strength_steel_nylon_insert_locknut_material"/>
              <!-- Part hex_socket_head_cap_screw_m3x0_50_x_14__4b1458786ed83667bf236981c19e652d_21 -->
              <geom type="mesh" class="visual" pos="0.00103497 0.0118298 -0.021445" quat="5.01541e-16 -0.887011 -0.461749 4.03728e-16" mesh="hex_socket_head_cap_screw_m3x0_50_x_14__4b1458786ed83667bf236981c19e652d" material="hex_socket_head_cap_screw_m3x0_50_x_14__4b1458786ed83667bf236981c19e652d_material"/>
              <geom type="mesh" class="collision" pos="0.00103497 0.0118298 -0.021445" quat="5.01541e-16 -0.887011 -0.461749 4.03728e-16" mesh="hex_socket_head_cap_screw_m3x0_50_x_14__4b1458786ed83667bf236981c19e652d" material="hex_socket_head_cap_screw_m3x0_50_x_14__4b1458786ed83667bf236981c19e652d_material"/>
              <!-- Part wrist_bracket_1_2 -->
              <geom type="mesh" class="visual" pos="0.176662 -0.350597 -0.029395" quat="0.627211 0.627211 -0.326506 -0.326506" mesh="wrist_bracket_1" material="wrist_bracket_1_material"/>
              <geom type="mesh" class="collision" pos="0.176662 -0.350597 -0.029395" quat="0.627211 0.627211 -0.326506 -0.326506" mesh="wrist_bracket_1" material="wrist_bracket_1_material"/>
              <!-- Part hex_socket_head_cap_screw_m3x0_50_x_14__4b1458786ed83667bf236981c19e652d_22 -->
              <geom type="mesh" class="visual" pos="0.00972743 -0.00681122 -0.021445" quat="5.01541e-16 -0.887011 -0.461749 4.03728e-16" mesh="hex_socket_head_cap_screw_m3x0_50_x_14__4b1458786ed83667bf236981c19e652d" material="hex_socket_head_cap_screw_m3x0_50_x_14__4b1458786ed83667bf236981c19e652d_material"/>
              <geom type="mesh" class="collision" pos="0.00972743 -0.00681122 -0.021445" quat="5.01541e-16 -0.887011 -0.461749 4.03728e-16" mesh="hex_socket_head_cap_screw_m3x0_50_x_14__4b1458786ed83667bf236981c19e652d" material="hex_socket_head_cap_screw_m3x0_50_x_14__4b1458786ed83667bf236981c19e652d_material"/>
              <!-- Part tube_bracket_half_2 -->
              <geom type="mesh" class="visual" pos="-0.427065 -0.0491491 -0.01527" quat="0.5 -0.5 0.5 0.5" mesh="tube_bracket_half_2" material="tube_bracket_half_2_material"/>
              <geom type="mesh" class="collision" pos="-0.427065 -0.0491491 -0.01527" quat="0.5 -0.5 0.5 0.5" mesh="tube_bracket_half_2" material="tube_bracket_half_2_material"/>
              <!-- Part part_1_7 -->
              <geom type="mesh" class="visual" pos="-0.449115 -0.0841491 -0.03827" quat="4.04423e-16 0.707107 -1.11022e-16 0.707107" mesh="part_1__2" material="part_1__2_material"/>
              <geom type="mesh" class="collision" pos="-0.449115 -0.0841491 -0.03827" quat="4.04423e-16 0.707107 -1.11022e-16 0.707107" mesh="part_1__2" material="part_1__2_material"/>
              <!-- Part output_pulley -->
              <geom type="mesh" class="visual" pos="-5.10591e-17 0.308 -0.0045" quat="0.5 -0.5 -0.5 0.5" mesh="output_pulley" material="output_pulley_material"/>
              <geom type="mesh" class="collision" pos="-5.10591e-17 0.308 -0.0045" quat="0.5 -0.5 -0.5 0.5" mesh="output_pulley" material="output_pulley_material"/>
              <!-- Part part_1_8 -->
              <geom type="mesh" class="visual" pos="-0.449115 -0.0841491 0.00773" quat="5.86723e-16 0.707107 -3.33067e-16 0.707107" mesh="part_1__2" material="part_1__2_material"/>
              <geom type="mesh" class="collision" pos="-0.449115 -0.0841491 0.00773" quat="5.86723e-16 0.707107 -3.33067e-16 0.707107" mesh="part_1__2" material="part_1__2_material"/>
              <!-- Part part_1_9 -->
              <geom type="mesh" class="visual" pos="-0.468165 -0.0491491 -0.01527" quat="0.5 0.5 -0.5 0.5" mesh="part_1__6" material="part_1__6_material"/>
              <geom type="mesh" class="collision" pos="-0.468165 -0.0491491 -0.01527" quat="0.5 0.5 -0.5 0.5" mesh="part_1__6" material="part_1__6_material"/>
              <!-- Part part_1_10 -->
              <geom type="mesh" class="visual" pos="-0.471165 -0.0491491 -0.018545" quat="2.50273e-17 -0.707107 0.707107 1.01692e-16" mesh="part_1__4" material="part_1__4_material"/>
              <geom type="mesh" class="collision" pos="-0.471165 -0.0491491 -0.018545" quat="2.50273e-17 -0.707107 0.707107 1.01692e-16" mesh="part_1__4" material="part_1__4_material"/>
              <!-- Part part_1_11 -->
              <geom type="mesh" class="visual" pos="-0.536294 -0.0493241 0.0556492" quat="0.5 -0.5 0.5 -0.5" mesh="part_1__3" material="part_1__3_material"/>
              <geom type="mesh" class="collision" pos="-0.536294 -0.0493241 0.0556492" quat="0.5 -0.5 0.5 -0.5" mesh="part_1__3" material="part_1__3_material"/>
              <!-- Part part_1_12 -->
              <geom type="mesh" class="visual" pos="-0.449115 -0.0141491 0.00773" quat="4.04423e-16 0.707107 -1.11022e-16 0.707107" mesh="part_1__2" material="part_1__2_material"/>
              <geom type="mesh" class="collision" pos="-0.449115 -0.0141491 0.00773" quat="4.04423e-16 0.707107 -1.11022e-16 0.707107" mesh="part_1__2" material="part_1__2_material"/>
            </body>
          </body>
        </body>
      </body>
    </body>
  </worldbody>
  <asset>
    <mesh file="battery_mount_cover__configuration_default.stl"/>
    <mesh file="main_shoulder_bracket.stl"/>
    <mesh file="wrist_v2.stl"/>
    <mesh file="battery_mount_body__configuration_default.stl"/>
    <mesh file="tube_bracket_half_1.stl"/>
    <mesh file="input_shaft_pulley_coupler.stl"/>
    <mesh file="hex_nut_grade_a___b_m3x0_5__efee9957898a49f0fc3bee2ce194c05c.stl"/>
    <mesh file="90630a115_high_strength_steel_nylon_insert_locknut.stl"/>
    <mesh file="inner_mount_wrist_adapter.stl"/>
    <mesh file="head_mount_v2.stl"/>
    <mesh file="hex_socket_head_cap_screw_m5x0_80_x_50__8b083fbfd59dc714165a15409b668a30.stl"/>
    <mesh file="belt_cap.stl"/>
    <mesh file="anti_deflection_support.stl"/>
    <mesh file="mock_battery__configuration_default.stl"/>
    <mesh file="rs03_bridge_bracket_spacer.stl"/>
    <mesh file="input_pulley.stl"/>
    <mesh file="a_base_t42____8_clearance_hole1.stl"/>
    <mesh file="hex_socket_head_cap_screw_m4x0_70_x_6__f66dbcfc8393ce0fec8473af389d54ab.stl"/>
    <mesh file="part_1__5.stl"/>
    <mesh file="main_plate.stl"/>
    <mesh file="hex_socket_head_cap_screw_m4x0_70_x_10__3f64a2339dcfbc0ea5d2cebc7d371b7c.stl"/>
    <mesh file="tube_end_effector.stl"/>
    <mesh file="j3_support_bearing_structure.stl"/>
    <mesh file="hex_socket_head_cap_screw_m3x0_50_x_14__4b1458786ed83667bf236981c19e652d.stl"/>
    <mesh file="tube_bracket_half_2.stl"/>
    <mesh file="tubes.stl"/>
    <mesh file="part_4.stl"/>
    <mesh file="hex_socket_head_cap_screw_m3x0_50_x_25__e4c7bcc9e282bb299af9818127073403.stl"/>
    <mesh file="part_1__2.stl"/>
    <mesh file="part_1.stl"/>
    <mesh file="m3_to_m2_bracket.stl"/>
    <mesh file="coordinate_frame.stl"/>
    <mesh file="output_pulley.stl"/>
    <mesh file="part_1__4.stl"/>
    <mesh file="mock_flanged_ball_bearing.stl"/>
    <mesh file="trapezoidal_spacer_complidant_side.stl"/>
    <mesh file="part_1__6.stl"/>
    <mesh file="secondary_plate.stl"/>
    <mesh file="hex_socket_head_cap_screw_m4x0_70_x_20__832e47d784177ea3f1dabbaab534416e.stl"/>
    <mesh file="m3_to_bearing_bracket.stl"/>
    <mesh file="hex_nut_grade_a___b_m3x0_5__efee9957898a49f0fc3bee2ce194c05c__2.stl"/>
    <mesh file="rs02_sim.stl"/>
    <mesh file="part_1__3.stl"/>
    <mesh file="rs03_sim.stl"/>
    <mesh file="wrist_bracket_1.stl"/>
    <mesh file="shaft_v2.stl"/>
    <mesh file="hex_socket_head_cap_screw_m6x1_00_x_60__a443ccf6f0c2f8dc713a8e15307ebd58.stl"/>
    <mesh file="hex_socket_head_cap_screw_m3x0_50_x_12__42178f5eed9000eec67db91605b75f34.stl"/>
    <mesh file="hex_socket_head_cap_screw_m3x0_50_x_40_x_18__b89d8d3b5b06642d585fdb132cd2ae7d.stl"/>
    <mesh file="rs01_sim.stl"/>
    <mesh file="hex_socket_head_cap_screw_m3x0_50_x_45_x_18__5709242446994bdab96d5ca724676e11.stl"/>
    <mesh file="part_3.stl"/>
    <material name="head_mount_v2_material" rgba="0.737255 0.937255 0.917647 1"/>
    <material name="battery_mount_body__configuration_default_material" rgba="0.231373 0.380392 0.705882 1"/>
    <material name="hex_socket_head_cap_screw_m5x0_80_x_50__8b083fbfd59dc714165a15409b668a30_material" rgba="0.603922 0.647059 0.686275 1"/>
    <material name="mock_battery__configuration_default_material" rgba="0.972549 0.529412 0.00392157 1"/>
    <material name="hex_socket_head_cap_screw_m6x1_00_x_60__a443ccf6f0c2f8dc713a8e15307ebd58_material" rgba="0.603922 0.647059 0.686275 1"/>
    <material name="tubes_material" rgba="0.498039 0.498039 0.498039 1"/>
    <material name="battery_mount_cover__configuration_default_material" rgba="0.498039 0.498039 0.498039 1"/>
    <material name="rs01_sim_material" rgba="0.917647 0.917647 0.917647 1"/>
    <material name="rs03_sim_material" rgba="0.917647 0.917647 0.917647 1"/>
    <material name="hex_socket_head_cap_screw_m4x0_70_x_10__3f64a2339dcfbc0ea5d2cebc7d371b7c_material" rgba="0.603922 0.647059 0.686275 1"/>
    <material name="main_shoulder_bracket_material" rgba="0.647059 0.647059 0.647059 1"/>
    <material name="j3_support_bearing_structure_material" rgba="0.529412 0.568627 0.6 1"/>
    <material name="hex_socket_head_cap_screw_m3x0_50_x_14__4b1458786ed83667bf236981c19e652d_material" rgba="0.603922 0.647059 0.686275 1"/>
    <material name="m3_to_m2_bracket_material" rgba="0.972549 0.529412 0.00392157 1"/>
    <material name="rs02_sim_material" rgba="0.917647 0.917647 0.917647 1"/>
    <material name="rs03_bridge_bracket_spacer_material" rgba="0.615686 0.811765 0.929412 1"/>
    <material name="m3_to_bearing_bracket_material" rgba="0.615686 0.811765 0.929412 1"/>
    <material name="main_plate_material" rgba="0.647059 0.647059 0.647059 1"/>
    <material name="hex_socket_head_cap_screw_m4x0_70_x_20__832e47d784177ea3f1dabbaab534416e_material" rgba="0.603922 0.647059 0.686275 1"/>
    <material name="hex_socket_head_cap_screw_m3x0_50_x_45_x_18__5709242446994bdab96d5ca724676e11_material" rgba="0.603922 0.647059 0.686275 1"/>
    <material name="hex_socket_head_cap_screw_m3x0_50_x_12__42178f5eed9000eec67db91605b75f34_material" rgba="0.603922 0.647059 0.686275 1"/>
    <material name="part_3_material" rgba="0.647059 0.647059 0.647059 1"/>
    <material name="secondary_plate_material" rgba="0.647059 0.647059 0.647059 1"/>
    <material name="hex_socket_head_cap_screw_m3x0_50_x_40_x_18__b89d8d3b5b06642d585fdb132cd2ae7d_material" rgba="0.603922 0.647059 0.686275 1"/>
    <material name="hex_socket_head_cap_screw_m4x0_70_x_6__f66dbcfc8393ce0fec8473af389d54ab_material" rgba="0.603922 0.647059 0.686275 1"/>
    <material name="input_shaft_pulley_coupler_material" rgba="0.647059 0.647059 0.647059 1"/>
    <material name="anti_deflection_support_material" rgba="0.615686 0.811765 0.929412 1"/>
    <material name="input_pulley_material" rgba="0.917647 0.917647 0.917647 1"/>
    <material name="hex_nut_grade_a___b_m3x0_5__efee9957898a49f0fc3bee2ce194c05c_material" rgba="0.603922 0.647059 0.686275 1"/>
    <material name="part_4_material" rgba="0.231373 0.380392 0.705882 1"/>
    <material name="90630a115_high_strength_steel_nylon_insert_locknut_material" rgba="0.980392 0.713725 0.00392157 1"/>
    <material name="mock_flanged_ball_bearing_material" rgba="0.529412 0.568627 0.6 1"/>
    <material name="part_1_material" rgba="1 1 1 1"/>
    <material name="part_1__2_material" rgba="0.796078 0.823529 0.937255 1"/>
    <material name="inner_mount_wrist_adapter_material" rgba="0.615686 0.811765 0.929412 1"/>
    <material name="part_1__3_material" rgba="1 1 1 1"/>
    <material name="wrist_v2_material" rgba="0.647059 0.647059 0.647059 1"/>
    <material name="hex_socket_head_cap_screw_m3x0_50_x_25__e4c7bcc9e282bb299af9818127073403_material" rgba="0.603922 0.647059 0.686275 1"/>
    <material name="part_1__4_material" rgba="1 1 1 1"/>
    <material name="tube_end_effector_material" rgba="0.901961 0.901961 0.901961 1"/>
    <material name="tube_bracket_half_1_material" rgba="0.768627 0.886275 0.952941 1"/>
    <material name="trapezoidal_spacer_complidant_side_material" rgba="0.615686 0.811765 0.929412 1"/>
    <material name="part_1__5_material" rgba="1 1 1 1"/>
    <material name="coordinate_frame_material" rgba="0.615686 0.811765 0.929412 1"/>
    <material name="shaft_v2_material" rgba="0.647059 0.647059 0.647059 1"/>
    <material name="wrist_bracket_1_material" rgba="0.615686 0.811765 0.929412 1"/>
    <material name="hex_nut_grade_a___b_m3x0_5__efee9957898a49f0fc3bee2ce194c05c__2_material" rgba="0.603922 0.647059 0.686275 1"/>
    <material name="a_base_t42____8_clearance_hole1_material" rgba="1 1 1 1"/>
    <material name="belt_cap_material" rgba="0.615686 0.811765 0.929412 1"/>
    <material name="tube_bracket_half_2_material" rgba="0.768627 0.886275 0.952941 1"/>
    <material name="output_pulley_material" rgba="0.752941 0.752941 0.752941 1"/>
    <material name="part_1__6_material" rgba="1 1 1 1"/>
  </asset>
  <actuator>
    <motor class="Sim_Arm_4DOF_May_25" name="J1" joint="J1"/>
    <motor class="Sim_Arm_4DOF_May_25" name="J2" joint="J2"/>
    <motor class="Sim_Arm_4DOF_May_25" name="J3" joint="J3"/>
    <motor class="Sim_Arm_4DOF_May_25" name="J4" joint="J4"/>
  </actuator>
  <equality/>
</mujoco>
