time,position,velocity,torque,position_ref,velocity_ref
4.76837158203125e-07,-0.005560765206629625,-0.025940337224383825,-0.18036163881895106,0.0,0.0
0.0020384788513183594,-0.005560765206629625,-0.22674906538490802,0.2609292744335079,0.0,0.0
0.004212379455566406,-0.005177264157895323,0.07537956816968006,0.34332799267566827,0.0,0.0
0.007008790969848633,-0.004793763109162796,0.24139772640573653,0.3616388189517039,0.0,0.0
0.009950637817382812,-0.004026761011695967,0.23346303501945442,0.28290226596475065,0.0,0.0
0.013024091720581055,-0.0028762578654983884,0.22796978713664373,0.32867933165483976,0.0,0.0
0.016117572784423828,-0.0021092557680315593,0.2420080872816044,0.3121995880064077,0.0,0.0
0.019018173217773438,-0.000958752621832204,0.25482566567482934,0.3012130922407863,0.0,0.0
0.02223515510559082,-0.00019175052436715134,0.22247653925383304,0.3121995880064077,0.0,0.0
0.02531266212463379,0.0005752515730996777,0.4342717631799786,0.3561455710688932,0.0,0.0
0.028236865997314453,0.000958752621832204,0.07904173342488718,0.25726710917830076,0.0,0.0
0.03126788139343262,0.000958752621832204,0.13458457312886196,0.21698329137102235,0.0,0.0
0.0337672233581543,0.0013422536705647303,0.030823224231326662,0.19501029983977958,0.0,0.0
0.03673744201660156,0.0013422536705647303,-0.03448538948653379,0.1382467383840691,0.0,0.0
0.03965902328491211,0.000958752621832204,-0.07537956816968006,0.12909132524605127,0.0,0.0
0.04268789291381836,0.0005752515730996777,-0.23468375677119013,0.05767910276951227,0.0,0.0
0.045423269271850586,0.0005752515730996777,0.03814755474174092,-0.037537193865873064,0.0,0.0
0.04831576347351074,0.00019175052436715134,-0.057068741893644415,-0.02288853284504455,0.0,0.0
0.05090761184692383,0.00019175052436715134,-0.025940337224383825,0.046692607003890885,0.0,0.0
0.05355429649353027,0.00019175052436715134,-0.22247653925383304,-0.046692607003890885,0.0,0.0
0.056249380111694336,-0.00019175052436715134,-0.08087281605249075,-0.046692607003890885,0.0,0.0
0.05885672569274902,-0.00019175052436715134,-0.22919050888837944,-0.07598992904554791,0.0,0.0
0.06118512153625488,-0.00019175052436715134,0.2377355611505294,-0.10162508583199781,0.0,0.0
0.06392621994018555,-0.0005752515730996777,0.22919050888837944,-0.12909132524605127,0.0,0.0
0.06678962707519531,-0.00019175052436715134,0.09185931181811213,-0.08331425955596217,0.0,0.0
0.06983542442321777,-0.00019175052436715134,0.11078049897001563,-0.05951018539711583,0.0,0.0
0.07254886627197266,-0.00019175052436715134,-0.07171740291447293,-0.1071183337148085,0.0,0.0
0.07525086402893066,-0.00019175052436715134,-0.07293812466620864,-0.08514534218356573,0.0,0.0
0.07773065567016602,-0.00019175052436715134,0.029602502479590953,-0.16021972991531186,0.0,0.0
0.0803983211517334,-0.00019175052436715134,0.2511635004196222,-0.04119935912108019,0.0,0.0
0.08309674263000488,-0.00019175052436715134,0.04119935912108019,-0.0869764248111693,0.0,0.0
0.08624482154846191,-0.00019175052436715134,0.17120622568093324,-0.09613183794918712,0.0,0.0
0.08917546272277832,-0.00019175052436715134,0.06500343327992653,-0.09979400320439424,0.0,0.0
0.09189438819885254,-0.00019175052436715134,-0.09552147707331926,-0.1327534905012584,0.0,0.0
0.0940542221069336,-0.00019175052436715134,-0.08392462043183002,-0.11810482948042988,0.0,0.0
0.09607911109924316,-0.00019175052436715134,-0.22613870450904017,-0.163881895170519,0.0,0.0
0.09882998466491699,-0.00019175052436715134,0.028381780727855244,-0.1528953994048976,0.0,0.0
0.10170650482177734,-0.00019175052436715134,-0.09124895094224428,-0.163881895170519,0.0,0.0
0.10416817665100098,0.00019175052436715134,-0.08575570305943359,-0.13641565575646553,0.0,0.0
0.10686540603637695,0.00019175052436715134,0.16327153429465113,-0.25177386129549006,0.0,0.0
0.10932755470275879,0.00019175052436715134,-0.10833905546654421,-0.20599679560540096,0.0,0.0
0.11199212074279785,0.00019175052436715134,0.11322194247348705,-0.22064545662622947,0.0,0.0
0.11447739601135254,0.00019175052436715134,-0.007629510948348184,-0.1382467383840691,0.0,0.0
0.11700844764709473,0.00019175052436715134,0.0747692072938122,-0.20233463035019383,0.0,0.0
0.11972761154174805,0.00019175052436715134,-0.26947432669565785,-0.22613870450904017,0.0,0.0
0.12241530418395996,0.00019175052436715134,-0.1474021515220869,-0.3048752574959934,0.0,0.0
0.125197172164917,0.00019175052436715134,0.019836728465705278,-0.29938200961318273,0.0,0.0
0.12741899490356445,0.00019175052436715134,0.2658121614404507,-0.2554360265506972,0.0,0.0
0.13008618354797363,0.00019175052436715134,-0.26886396581979,-0.31403067063401124,0.0,0.0
0.13256072998046875,0.00019175052436715134,-0.1474021515220869,-0.31403067063401124,0.0,0.0
0.13513445854187012,0.00019175052436715134,-0.03692683299000521,-0.34882124055847896,0.0,0.0
0.13760161399841309,0.00019175052436715134,0.1840238040741582,-0.235294117647058,0.0,0.0
0.14008426666259766,0.00019175052436715134,0.07904173342488718,-0.31403067063401124,0.0,0.0
0.1425480842590332,0.00019175052436715134,0.12176699473563701,-0.3469901579308754,0.0,0.0
0.1449885368347168,0.00019175052436715134,0.14312962539101193,-0.33417257953765045,0.0,0.0
0.1473538875579834,0.00019175052436715134,0.036316472114137355,-0.3579766536964968,0.0,0.0
0.14989161491394043,0.00019175052436715134,0.2432288090333401,-0.3579766536964968,0.0,0.0
0.15253281593322754,0.00019175052436715134,0.02777141985198739,-0.33966582742046114,0.0,0.0
0.15499424934387207,0.00019175052436715134,0.18280308232242248,-0.34882124055847896,0.0,0.0
0.15743780136108398,0.00019175052436715134,-0.0015259021896696368,-0.40558480201418945,0.0,0.0
0.15984249114990234,0.00019175052436715134,0.0015259021896696368,-0.3524834058136861,0.0,0.0
0.1625206470489502,0.00019175052436715134,0.06866559853513365,-0.3323414969100469,0.0,0.0
0.16518187522888184,0.00019175052436715134,0.08758678568703715,-0.3817807278553431,0.0,0.0
0.16775774955749512,0.00019175052436715134,-0.047913328755626594,-0.3158617532616148,0.0,0.0
0.17026996612548828,0.00019175052436715134,0.01739528496223386,-0.41107804989700014,0.0,0.0
0.17269420623779297,0.00019175052436715134,-0.19012741283283674,-0.39093614099336094,0.0,0.0
0.17531299591064453,0.00019175052436715134,0.01739528496223386,-0.4129091325246037,0.0,0.0
0.1779651641845703,0.00019175052436715134,-0.0949111161974514,-0.4092469672693966,0.0,0.0
0.18034029006958008,0.00019175052436715134,-0.11993591210803345,-0.3927672236209645,0.0,0.0
0.18254780769348145,0.00019175052436715134,0.12420843823910843,-0.31403067063401124,0.0,0.0
0.18498802185058594,0.00019175052436715134,0.13031204699778698,-0.34882124055847896,0.0,0.0
0.18743467330932617,0.00019175052436715134,-0.053406576638437286,-0.41474021515220727,0.0,0.0
0.1900191307067871,0.00019175052436715134,-0.030212863355458808,-0.32318608377202906,0.0,0.0
0.19219279289245605,0.00019175052436715134,0.07293812466620864,-0.407415884641793,0.0,0.0
0.1942760944366455,0.00019175052436715134,-0.12298771648737272,-0.3268482490272362,0.0,0.0
0.19669890403747559,0.00019175052436715134,0.14984359502555833,-0.34332799267566827,0.0,0.0
0.19905376434326172,0.00019175052436715134,0.1071183337148085,-0.478828107118332,0.0,0.0
0.20151519775390625,0.00019175052436715134,-0.06744487678339794,-0.3305104142824433,0.0,0.0
0.20359373092651367,0.00019175052436715134,-0.005188067444876765,-0.37079423208972173,0.0,0.0
0.2060842514038086,0.00019175052436715134,0.054627298390172996,-0.3891050583657574,0.0,0.0
0.20850801467895508,0.00019175052436715134,0.030212863355458808,-0.3103685053788041,0.0,0.0
0.21099281311035156,0.00019175052436715134,-0.05767910276951227,-0.3524834058136861,0.0,0.0
0.21339130401611328,0.00019175052436715134,-0.024719615472648115,-0.3817807278553431,0.0,0.0
0.21591687202453613,0.00019175052436715134,0.10345616845960137,-0.4293888761730358,0.0,0.0
0.21840953826904297,0.00019175052436715134,0.019836728465705278,-0.31403067063401124,0.0,0.0
0.22081732749938965,0.00019175052436715134,-0.04364080262455161,-0.3634699015793075,0.0,0.0
0.22344207763671875,0.00019175052436715134,0.010070954451819603,-0.3762874799725324,0.0,0.0
0.22574901580810547,-0.00019175052436715134,-0.14190890363927622,-0.37994964522773955,0.0,0.0
0.22823500633239746,0.00019175052436715134,0.00457770656900891,-0.41474021515220727,0.0,0.0
0.23081207275390625,0.00019175052436715134,-0.03448538948653379,-0.36896314946211817,0.0,0.0
0.23345279693603516,0.00019175052436715134,-0.04486152437628732,-0.32867933165483976,0.0,0.0
0.23583054542541504,0.00019175052436715134,0.08880750743877286,-0.3268482490272362,0.0,0.0
0.23784375190734863,0.00019175052436715134,-0.18158236057068677,-0.32501716639963263,0.0,0.0
0.24022626876831055,0.00019175052436715134,0.04058899824521234,-0.306706340123597,0.0,0.0
0.24284100532531738,-0.00019175052436715134,-0.2914473182269006,-0.28290226596475065,0.0,0.0
0.24539446830749512,0.00019175052436715134,-0.07110704203860507,-0.336003662165254,0.0,0.0
0.24758124351501465,0.00019175052436715134,-0.14129854276340836,-0.264591439688715,0.0,0.0
0.25002574920654297,-0.00019175052436715134,-0.07965209430075504,-0.2810711833371471,0.0,0.0
0.2525355815887451,0.00019175052436715134,0.13031204699778698,-0.36896314946211817,0.0,0.0
0.2549872398376465,0.00019175052436715134,-0.1773098344396118,-0.3524834058136861,0.0,0.0
0.257354736328125,0.00019175052436715134,0.036316472114137355,-0.3414969100480647,0.0,0.0
0.2594592571258545,0.00019175052436715134,-0.09857328145265853,-0.3305104142824433,0.0,0.0
0.26189684867858887,0.00019175052436715134,-0.035095750362401645,-0.36896314946211817,0.0,0.0
0.26448774337768555,0.00019175052436715134,-0.1138323033493549,-0.32318608377202906,0.0,0.0
0.2670142650604248,0.00019175052436715134,-0.08392462043183002,-0.3927672236209645,0.0,0.0
0.26934027671813965,0.00019175052436715134,0.13519493400472982,-0.336003662165254,0.0,0.0
0.2718064785003662,0.00019175052436715134,-0.07232776379034078,-0.3561455710688932,0.0,0.0
0.2744927406311035,0.00019175052436715134,0.033875028610665936,-0.2865644312199578,0.0,0.0
0.2771594524383545,0.00019175052436715134,0.05951018539711583,-0.36896314946211817,0.0,0.0
0.27981138229370117,-0.00019175052436715134,-0.010681315327687457,-0.31403067063401124,0.0,0.0
0.2824399471282959,0.00019175052436715134,0.07721065079728362,-0.2957198443579756,0.0,0.0
0.2852022647857666,-0.00019175052436715134,-0.19562066071564743,-0.3176928358892184,0.0,0.0
0.28788113594055176,-0.00019175052436715134,0.035095750362401645,-0.2554360265506972,0.0,0.0
0.2903919219970703,-0.00019175052436715134,-0.10284580758373352,-0.29755092698557917,0.0,0.0
0.2928123474121094,0.00019175052436715134,0.06561379415579438,-0.2902265964751649,0.0,0.0
0.29544997215270996,-0.00019175052436715134,0.1071183337148085,-0.31403067063401124,0.0,0.0
0.2979087829589844,-0.00019175052436715134,-0.07843137254901933,-0.29388876173037204,0.0,0.0
0.3005983829498291,-0.00019175052436715134,-0.057068741893644415,-0.2700846875715257,0.0,0.0
0.3034400939941406,-0.00019175052436715134,-0.1718165865568011,-0.20050354772259027,0.0,0.0
0.3062095642089844,-0.00019175052436715134,0.1138323033493549,-0.20050354772259027,0.0,0.0
0.3088090419769287,-0.00019175052436715134,-0.13763637750820124,-0.29755092698557917,0.0,0.0
0.31140947341918945,-0.00019175052436715134,0.06744487678339794,-0.30853742275120055,0.0,0.0
0.3138923645019531,-0.00019175052436715134,-0.1339742122529941,-0.2755779354543364,0.0,0.0
0.3166229724884033,-0.00019175052436715134,-0.05096513313496587,-0.27740901808193996,0.0,0.0
0.31923604011535645,0.00019175052436715134,0.1339742122529941,-0.2554360265506972,0.0,0.0
0.3217813968658447,-0.00019175052436715134,-0.13580529488059767,-0.22613870450904017,0.0,0.0
0.3245713710784912,-0.00019175052436715134,-0.06073090714885154,-0.21698329137102235,0.0,0.0
0.3273317813873291,-0.00019175052436715134,-0.14984359502555833,-0.22247653925383304,0.0,0.0
0.3298032283782959,-0.00019175052436715134,-0.0680552376592658,-0.2444495307850758,0.0,0.0
0.3324465751647949,-0.00019175052436715134,-0.1449607080186155,-0.17669947356374394,0.0,0.0
0.3349471092224121,-0.00019175052436715134,-0.20904859998474024,-0.1986724650949867,0.0,0.0
0.3375973701477051,-0.00019175052436715134,-0.03692683299000521,-0.21149004348821165,0.0,0.0
0.3402996063232422,0.00019175052436715134,0.17547875181200823,-0.27740901808193996,0.0,0.0
0.3430602550506592,-0.00019175052436715134,-0.27069504844739356,-0.235294117647058,0.0,0.0
0.34587812423706055,-0.00019175052436715134,-0.08941786831464071,-0.18036163881895106,0.0,0.0
0.3484816551208496,-0.00019175052436715134,-0.08636606393530144,-0.15655756466010473,0.0,0.0
0.3510129451751709,-0.00019175052436715134,0.019836728465705278,-0.2554360265506972,0.0,0.0
0.35352087020874023,-0.00019175052436715134,-0.04974441138323016,-0.3103685053788041,0.0,0.0
0.3557596206665039,-0.00019175052436715134,0.011902037079423167,-0.235294117647058,0.0,0.0
0.35825300216674805,-0.00019175052436715134,0.008850232700083893,-0.23712520027466155,0.0,0.0
0.36089110374450684,-0.00019175052436715134,-0.08575570305943359,-0.18951705195696888,0.0,0.0
0.36342525482177734,-0.00019175052436715134,0.07598992904554791,-0.22796978713664373,0.0,0.0
0.3654811382293701,-0.00019175052436715134,0.07843137254901933,-0.24261844815747224,0.0,0.0
0.36817264556884766,-0.00019175052436715134,-0.11078049897001563,-0.2609292744335079,0.0,0.0
0.37111425399780273,-0.00019175052436715134,-0.045471885252155175,-0.21515220874341878,0.0,0.0
0.3739631175994873,-0.00019175052436715134,-0.020447089341573133,-0.20782787823300453,0.0,0.0
0.37667202949523926,-0.00019175052436715134,-0.020447089341573133,-0.2554360265506972,0.0,0.0
0.37912559509277344,-0.00019175052436715134,-0.09185931181811213,-0.12359807736324058,0.0,0.0
0.3817932605743408,0.00019175052436715134,0.14801251239795477,-0.2664225223163186,0.0,0.0
0.38467860221862793,0.00019175052436715134,0.04730296787975874,-0.20050354772259027,0.0,0.0
0.38756585121154785,0.00019175052436715134,0.05645838101777656,-0.2298008697642473,0.0,0.0
0.3900163173675537,-0.00019175052436715134,0.07110704203860507,-0.21515220874341878,0.0,0.0
0.3928055763244629,-0.00019175052436715134,-0.0680552376592658,-0.2700846875715257,0.0,0.0
0.39559435844421387,-0.00019175052436715134,0.02655069810025168,-0.2902265964751649,0.0,0.0
0.3980722427368164,-0.00019175052436715134,0.11688410772869418,-0.31403067063401124,0.0,0.0
0.4007704257965088,-0.00019175052436715134,-0.1382467383840691,-0.2096589608606081,0.0,0.0
0.4036111831665039,0.00019175052436715134,0.04852368963149445,-0.264591439688715,0.0,0.0
0.4064295291900635,-0.00019175052436715134,-0.08453498130769788,-0.23895628290226512,0.0,0.0
0.40926432609558105,-0.00019175052436715134,0.06500343327992653,-0.2298008697642473,0.0,0.0
0.41222071647644043,-0.00019175052436715134,-0.10650797283894065,-0.26276035706111145,0.0,0.0
0.41477298736572266,-0.00019175052436715134,-0.08636606393530144,-0.3213550011444255,0.0,0.0
0.4175436496734619,0.00019175052436715134,0.09185931181811213,-0.2298008697642473,0.0,0.0
0.42029309272766113,0.00019175052436715134,0.033875028610665936,-0.3176928358892184,0.0,0.0
0.4228689670562744,0.00019175052436715134,0.26825360494392214,-0.2554360265506972,0.0,0.0
0.4254908561706543,0.00019175052436715134,0.023498893720912406,-0.20782787823300453,0.0,0.0
0.4282505512237549,-0.00019175052436715134,0.11505302510109061,-0.26825360494392214,0.0,0.0
0.4309859275817871,0.00019175052436715134,0.16876478217746183,-0.27191577019912927,0.0,0.0
0.4336681365966797,-0.00019175052436715134,0.09430075532158355,-0.2041657129777974,0.0,0.0
0.43641138076782227,0.00019175052436715134,0.2121004043640795,-0.20050354772259027,0.0,0.0
0.43888306617736816,0.00019175052436715134,0.22125581750209733,-0.2554360265506972,0.0,0.0
0.4417552947998047,0.00019175052436715134,0.08575570305943359,-0.2902265964751649,0.0,0.0
0.44446539878845215,0.00019175052436715134,0.08392462043183002,-0.3103685053788041,0.0,0.0
0.4472942352294922,0.00019175052436715134,0.053406576638437286,-0.22796978713664373,0.0,0.0
0.4501628875732422,0.00019175052436715134,-0.000915541313801782,-0.2243076218814366,0.0,0.0
0.4528343677520752,0.00019175052436715134,0.10528725108720494,-0.24261844815747224,0.0,0.0
0.45577406883239746,0.00019175052436715134,0.12176699473563701,-0.2444495307850758,0.0,0.0
0.4583885669708252,-0.00019175052436715134,-0.10162508583199781,-0.21515220874341878,0.0,0.0
0.46134424209594727,0.00019175052436715134,0.15350576028076546,-0.3414969100480647,0.0,0.0
0.4642939567565918,-0.00019175052436715134,-0.21271076523994736,-0.24261844815747224,0.0,0.0
0.46686244010925293,-0.00019175052436715134,-0.05157549401083372,-0.21515220874341878,0.0,0.0
0.46981310844421387,-0.00019175052436715134,0.01373311970702673,-0.3305104142824433,0.0,0.0
0.4724736213684082,0.00019175052436715134,-0.05401693751430514,-0.27191577019912927,0.0,0.0
0.4763317108154297,0.00019175052436715134,-0.19134813458457245,-0.3012130922407863,0.0,0.0
0.47891926765441895,0.00019175052436715134,0.030823224231326662,-0.336003662165254,0.0,0.0
0.48155784606933594,-0.00019175052436715134,-0.1394674601358048,-0.39459830624856806,0.0,0.0
0.4842088222503662,0.00019175052436715134,0.12542915999084414,-0.31403067063401124,0.0,0.0
0.48750901222229004,0.00019175052436715134,0.15533684290836902,-0.30304417486838986,0.0,0.0
0.49054741859436035,0.00019175052436715134,-0.02655069810025168,-0.2920576791027685,0.0,0.0
0.49332356452941895,0.00019175052436715134,-0.00579842832074462,-0.24261844815747224,0.0,0.0
0.49590301513671875,0.00019175052436715134,0.05889982452124798,-0.2554360265506972,0.0,0.0
0.498584508895874,0.00019175052436715134,0.009460593575951748,-0.2902265964751649,0.0,0.0
0.5013771057128906,0.00019175052436715134,0.021667811093308842,-0.23895628290226512,0.0,0.0
0.5037407875061035,0.00019175052436715134,0.2420080872816044,-0.306706340123597,0.0,0.0
0.5065772533416748,-0.00019175052436715134,-0.07904173342488718,-0.2810711833371471,0.0,0.0
0.5093069076538086,0.00019175052436715134,0.16754406042572612,-0.23346303501945442,0.0,0.0
0.5119054317474365,0.00019175052436715134,-0.193179217212176,-0.32318608377202906,0.0,0.0
0.5142726898193359,0.00019175052436715134,0.010681315327687457,-0.3579766536964968,0.0,0.0
0.5163195133209229,0.00019175052436715134,-0.14251926451514407,-0.29938200961318273,0.0,0.0
0.5185408592224121,0.00019175052436715134,0.07171740291447293,-0.306706340123597,0.0,0.0
0.5205118656158447,0.00019175052436715134,0.07965209430075504,-0.45685511558708924,0.0,0.0
0.5225191116333008,0.00019175052436715134,-0.038757915617608774,-0.34882124055847896,0.0,0.0
0.5245165824890137,0.00019175052436715134,-0.14373998626687978,-0.35431448844128965,0.0,0.0
0.5270161628723145,0.00019175052436715134,-0.2444495307850758,-0.3012130922407863,0.0,0.0
0.5298318862915039,0.00019175052436715134,-0.09124895094224428,-0.2902265964751649,0.0,0.0
0.532465934753418,0.00019175052436715134,0.11078049897001563,-0.3158617532616148,0.0,0.0
0.5349302291870117,0.00019175052436715134,0.2188143739986259,-0.34515907530327183,0.0,0.0
0.5373919010162354,0.00019175052436715134,0.003356984817273201,-0.4129091325246037,0.0,0.0
0.5401313304901123,0.00019175052436715134,-0.26398107881284716,-0.34332799267566827,0.0,0.0
0.5429036617279053,0.00019175052436715134,0.06866559853513365,-0.37079423208972173,0.0,0.0
0.5455782413482666,0.00019175052436715134,0.21271076523994736,-0.3836118104829467,0.0,0.0
0.548271656036377,0.00019175052436715134,0.015564202334630295,-0.37445639734492886,0.0,0.0
0.5510365962982178,0.00019175052436715134,-0.16083009079117971,-0.336003662165254,0.0,0.0
0.5540597438812256,0.00019175052436715134,0.13336385137712625,-0.3561455710688932,0.0,0.0
0.556755781173706,0.00019175052436715134,0.046692607003890885,-0.32501716639963263,0.0,0.0
0.5596344470977783,0.00019175052436715134,0.020447089341573133,-0.3579766536964968,0.0,0.0
0.562464714050293,0.00019175052436715134,-0.08636606393530144,-0.34515907530327183,0.0,0.0
0.5650596618652344,0.00019175052436715134,0.12481879911497629,-0.3982604715037752,0.0,0.0
0.567129373550415,0.00019175052436715134,-0.03692683299000521,-0.3982604715037752,0.0,0.0
0.5696382522583008,0.00019175052436715134,0.07537956816968006,-0.41107804989700014,0.0,0.0
0.5724287033081055,0.00019175052436715134,-0.03265430685893023,-0.35980773632410035,0.0,0.0
0.5754156112670898,0.00019175052436715134,0.1071183337148085,-0.37079423208972173,0.0,0.0
0.5783886909484863,0.00019175052436715134,0.19012741283283674,-0.3726253147173253,0.0,0.0
0.581296443939209,0.00019175052436715134,-0.08087281605249075,-0.30853742275120055,0.0,0.0
0.5841128826141357,0.00019175052436715134,0.09613183794918712,-0.3634699015793075,0.0,0.0
0.586993932723999,0.00019175052436715134,0.2987716487373149,-0.39093614099336094,0.0,0.0
0.5900189876556396,0.00019175052436715134,-0.09918364232852639,-0.3048752574959934,0.0,0.0
0.5929775238037109,0.00019175052436715134,0.14129854276340836,-0.2847333485923542,0.0,0.0
0.5956821441650391,0.00019175052436715134,-0.024719615472648115,-0.36896314946211817,0.0,0.0
0.5983939170837402,0.00019175052436715134,-0.27191577019912927,-0.4751659418631249,0.0,0.0
0.6009621620178223,0.00019175052436715134,0.1864652475776296,-0.4129091325246037,0.0,0.0
0.6034150123596191,0.00019175052436715134,0.06256198977645511,-0.44220645456626073,0.0,0.0
0.6061232089996338,0.00019175052436715134,0.024719615472648115,-0.3817807278553431,0.0,0.0
0.6088054180145264,0.00019175052436715134,0.053406576638437286,-0.41474021515220727,0.0,0.0
0.6114768981933594,0.00019175052436715134,0.12115663385976916,-0.33966582742046114,0.0,0.0
0.6139869689941406,0.00019175052436715134,0.09613183794918712,-0.3323414969100469,0.0,0.0
0.6166691780090332,0.00019175052436715134,0.021667811093308842,-0.36896314946211817,0.0,0.0
0.6193227767944336,0.00019175052436715134,-0.05401693751430514,-0.41474021515220727,0.0,0.0
0.6218090057373047,0.00019175052436715134,-0.022278171969176697,-0.4220645456626215,0.0,0.0
0.6244902610778809,0.00019175052436715134,0.06073090714885154,-0.31952391851682194,0.0,0.0
0.6272656917572021,0.00019175052436715134,-0.06622415503166224,-0.41657129777981083,0.0,0.0
0.630047082901001,0.00019175052436715134,0.12237735561150487,-0.3213550011444255,0.0,0.0
0.6329970359802246,0.00019175052436715134,0.08087281605249075,-0.41657129777981083,0.0,0.0
0.6360013484954834,0.00019175052436715134,-0.1071183337148085,-0.46784161135271063,0.0,0.0
0.6388804912567139,0.00019175052436715134,-0.3048752574959934,-0.39642938887617163,0.0,0.0
0.6417462825775146,0.00019175052436715134,-0.05218585488670158,-0.407415884641793,0.0,0.0
0.6445484161376953,0.00019175052436715134,0.06500343327992653,-0.4275577935454322,0.0,0.0
0.6469628810882568,0.00019175052436715134,0.10101472495612995,-0.3561455710688932,0.0,0.0
0.6497306823730469,0.00019175052436715134,-0.16205081254291542,-0.35980773632410035,0.0,0.0
0.6524085998535156,0.00019175052436715134,0.15594720378423688,-0.45136186770427855,0.0,0.0
0.6556518077850342,0.00019175052436715134,0.030212863355458808,-0.3634699015793075,0.0,0.0
0.6584041118621826,0.00019175052436715134,-0.3036545357442577,-0.39093614099336094,0.0,0.0
0.6615593433380127,0.00019175052436715134,0.007629510948348184,-0.3634699015793075,0.0,0.0
0.6643035411834717,0.00019175052436715134,0.10589761196307279,-0.3158617532616148,0.0,0.0
0.6672782897949219,0.00019175052436715134,0.2230869001297009,-0.3762874799725324,0.0,0.0
0.6703369617462158,0.00019175052436715134,0.018005645838101714,-0.37994964522773955,0.0,0.0
0.6734042167663574,0.00019175052436715134,-0.163881895170519,-0.3836118104829467,0.0,0.0
0.6764047145843506,0.00019175052436715134,-0.06378271152819082,-0.4238956282902251,0.0,0.0
0.6794710159301758,0.00019175052436715134,0.02288853284504455,-0.4476997024490714,0.0,0.0
0.6823017597198486,0.00019175052436715134,-0.14251926451514407,-0.3817807278553431,0.0,0.0
0.6852524280548096,0.00019175052436715134,-0.2865644312199578,-0.34882124055847896,0.0,0.0
0.6878740787506104,0.00019175052436715134,-0.2108796826123438,-0.36896314946211817,0.0,0.0
0.6908941268920898,0.00019175052436715134,-0.07782101167315147,-0.3817807278553431,0.0,0.0
0.6935567855834961,0.00019175052436715134,-0.08514534218356573,-0.44037537193865717,0.0,0.0
0.6964013576507568,0.00019175052436715134,0.10162508583199781,-0.45685511558708924,0.0,0.0
0.6994829177856445,0.00019175052436715134,-0.24628061341267937,-0.4605172808422964,0.0,0.0
0.7024126052856445,0.00019175052436715134,0.09002822919050857,-0.42023346303501796,0.0,0.0
0.7048635482788086,0.00019175052436715134,0.197451743343251,-0.3891050583657574,0.0,0.0
0.7079019546508789,0.00019175052436715134,-0.023498893720912406,-0.4019226367589823,0.0,0.0
0.7109591960906982,0.00019175052436715134,0.03265430685893023,-0.4092469672693966,0.0,0.0
0.7138881683349609,0.00019175052436715134,-0.045471885252155175,-0.36530098420691104,0.0,0.0
0.7166361808776855,0.00019175052436715134,0.025940337224383825,-0.37445639734492886,0.0,0.0
0.719505786895752,0.00019175052436715134,-0.12664988174257985,-0.4476997024490714,0.0,0.0
0.7222611904144287,0.00019175052436715134,0.10406652933546923,-0.4440375371938643,0.0,0.0
0.7250897884368896,0.00019175052436715134,0.06866559853513365,-0.4806591897459356,0.0,0.0
0.7279460430145264,0.00019175052436715134,0.19928282597085456,-0.449530785076675,0.0,0.0
0.7309963703155518,0.00019175052436715134,-0.0021362630655374915,-0.3469901579308754,0.0,0.0
0.7337267398834229,0.00019175052436715134,0.008850232700083893,-0.43121995880063935,0.0,0.0
0.736072301864624,0.00019175052436715134,0.11200122072175134,-0.4129091325246037,0.0,0.0
0.7387030124664307,0.00019175052436715134,0.17792019531547965,-0.5465781643396639,0.0,0.0
0.7413787841796875,0.00019175052436715134,-0.22613870450904017,-0.39459830624856806,0.0,0.0
0.744077205657959,0.00019175052436715134,-0.009460593575951748,-0.4550240329594857,0.0,0.0
0.7464780807495117,0.00019175052436715134,-0.03326466773479808,-0.42572671091782865,0.0,0.0
0.7492151260375977,0.0005752515730996777,0.14312962539101193,-0.4037537193865859,0.0,0.0
0.7518534660339355,0.0005752515730996777,0.08392462043183002,-0.42572671091782865,0.0,0.0
0.7545528411865234,0.0005752515730996777,-0.07232776379034078,-0.43671320668345004,0.0,0.0
0.7575433254241943,0.0005752515730996777,0.10833905546654421,-0.5008010986495748,0.0,0.0
0.7602505683898926,0.0005752515730996777,0.14129854276340836,-0.47699702449072845,0.0,0.0
0.7632088661193848,0.00019175052436715134,-0.1461814297703512,-0.44586861982146786,0.0,0.0
0.7662520408630371,0.00019175052436715134,-0.019226367589837423,-0.49713893339436765,0.0,0.0
0.7685775756835938,0.0005752515730996777,0.15533684290836902,-0.449530785076675,0.0,0.0
0.7715451717376709,0.00019175052436715134,-0.1071183337148085,-0.4476997024490714,0.0,0.0
0.7743690013885498,0.0005752515730996777,0.15655756466010473,-0.5264362554360247,0.0,0.0
0.7774643898010254,0.0005752515730996777,-0.10345616845960137,-0.5539024948500781,0.0,0.0
0.7803897857666016,0.0005752515730996777,0.10345616845960137,-0.4751659418631249,0.0,0.0
0.7833306789398193,0.0005752515730996777,-0.043030441748683756,-0.5374227512016461,0.0,0.0
0.786522626876831,0.0005752515730996777,0.06317235065232296,-0.5850308995193387,0.0,0.0
0.7895412445068359,0.0005752515730996777,-0.005188067444876765,-0.48798352025634983,0.0,0.0
0.792435884475708,0.0005752515730996777,0.020447089341573133,-0.5575646601052853,0.0,0.0
0.7951712608337402,0.0005752515730996777,-0.09308003356984784,-0.5246051728084211,0.0,0.0
0.7977182865142822,0.0005752515730996777,-0.054627298390172996,-0.5978484779125637,0.0,0.0
0.8005433082580566,0.0005752515730996777,-0.00030518043793392735,-0.5685511558709067,0.0,0.0
0.8034095764160156,0.0005752515730996777,0.018005645838101714,-0.5813687342641316,0.0,0.0
0.8063790798187256,0.0005752515730996777,-0.036316472114137355,-0.5465781643396639,0.0,0.0
0.809382438659668,0.0005752515730996777,-0.03448538948653379,-0.5227740901808176,0.0,0.0
0.8121192455291748,0.0005752515730996777,0.10833905546654421,-0.6124971389333922,0.0,0.0
0.8150191307067871,0.0005752515730996777,0.06744487678339794,-0.5026321812771783,0.0,0.0
0.8176765441894531,0.0005752515730996777,-0.013122758831158876,-0.5777065690089245,0.0,0.0
0.8201508522033691,0.0005752515730996777,0.25726710917830076,-0.6454566262302563,0.0,0.0
0.823012113571167,0.0005752515730996777,0.2175936522468902,-0.6308079652094278,0.0,0.0
0.8259556293487549,0.0005752515730996777,0.04119935912108019,-0.6161593041885993,0.0,0.0
0.8285267353057861,0.0005752515730996777,-0.03326466773479808,-0.6124971389333922,0.0,0.0
0.8312990665435791,0.0005752515730996777,0.10284580758373352,-0.5978484779125637,0.0,0.0
0.8340458869934082,0.0005752515730996777,-0.11810482948042988,-0.6051728084229779,0.0,0.0
0.8367435932159424,0.0005752515730996777,-0.11261158159761919,-0.6253147173266171,0.0,0.0
0.8395440578460693,0.0005752515730996777,0.1406881818875405,-0.6253147173266171,0.0,0.0
0.8419740200042725,0.0005752515730996777,0.03448538948653379,-0.6710917830167062,0.0,0.0
0.8447227478027344,0.0005752515730996777,-0.007019150072480329,-0.6271457999542207,0.0,0.0
0.8473854064941406,0.0005752515730996777,0.01617456321049815,-0.634470130464635,0.0,0.0
0.8499021530151367,0.0005752515730996777,-0.00457770656900891,-0.6198214694438064,0.0,0.0
0.85256028175354,0.0005752515730996777,-0.049134050507362304,-0.6546120393682742,0.0,0.0
0.855288028717041,0.0005752515730996777,-0.02532997634851597,-0.6546120393682742,0.0,0.0
0.8578925132751465,0.0005752515730996777,-0.20172426947432598,-0.7095445181963811,0.0,0.0
0.8603746891021729,0.0005752515730996777,-0.045471885252155175,-0.6820782787823276,0.0,0.0
0.8629930019378662,0.0005752515730996777,-0.06500343327992653,-0.634470130464635,0.0,0.0
0.8657197952270508,0.0005752515730996777,-0.000915541313801782,-0.7406729228656417,0.0,0.0
0.8680624961853027,0.0005752515730996777,-0.07293812466620864,-0.6253147173266171,0.0,0.0
0.8706045150756836,0.0005752515730996777,-0.11261158159761919,-0.7003891050583633,0.0,0.0
0.873037576675415,0.0005752515730996777,-0.15106431677729404,-0.7315175097276239,0.0,0.0
0.8755402565002441,0.000958752621832204,0.18097199969481892,-0.7003891050583633,0.0,0.0
0.8781280517578125,0.000958752621832204,0.11566338597695847,-0.7443350881208488,0.0,0.0
0.8807404041290283,0.0005752515730996777,-0.08941786831464071,-0.7315175097276239,0.0,0.0
0.8834083080291748,0.000958752621832204,0.00457770656900891,-0.6692607003891027,0.0,0.0
0.8858222961425781,0.000958752621832204,-0.04119935912108019,-0.6967269398031561,0.0,0.0
0.8884692192077637,0.000958752621832204,-0.028381780727855244,-0.6948958571755526,0.0,0.0
0.8909521102905273,0.0005752515730996777,-0.07415884641794435,-0.7589837491416773,0.0,0.0
0.8936455249786377,0.000958752621832204,-0.0039673456931410556,-0.7241931792172096,0.0,0.0
0.8963630199432373,0.0005752515730996777,-0.08209353780422646,-0.6674296177614991,0.0,0.0
0.8989992141723633,0.000958752621832204,0.11627374685282632,-0.7663080796520916,0.0,0.0
0.9019918441772461,0.000958752621832204,-0.10345616845960137,-0.6729228656443098,0.0,0.0
0.9050564765930176,0.000958752621832204,0.15594720378423688,-0.7663080796520916,0.0,0.0
0.9080491065979004,0.000958752621832204,-0.002746623941405346,-0.7956054016937486,0.0,0.0
0.9109857082366943,0.000958752621832204,-0.1205462729839013,-0.7901121538109379,0.0,0.0
0.9139785766601562,0.000958752621832204,0.31280994888227553,-0.7791256580453165,0.0,0.0
0.9165010452270508,0.000958752621832204,0.06256198977645511,-0.8468757152666484,0.0,0.0
0.9193089008331299,0.000958752621832204,0.17547875181200823,-0.7681391622796951,0.0,0.0
0.9220564365386963,0.000958752621832204,0.1394674601358048,-0.7425040054932452,0.0,0.0
0.9248545169830322,0.000958752621832204,0.13763637750820124,-0.7681391622796951,0.0,0.0
0.9275710582733154,0.000958752621832204,0.04119935912108019,-0.8029297322041629,0.0,0.0
0.9299569129943848,0.000958752621832204,0.09430075532158355,-0.8285648889906128,0.0,0.0
0.9325714111328125,0.000958752621832204,0.18463416495002605,-0.7626459143968845,0.0,0.0
0.9349532127380371,0.000958752621832204,0.008239871824216038,-0.7864499885557308,0.0,0.0
0.9376413822174072,0.000958752621832204,-0.08087281605249075,-0.8889906157015304,0.0,0.0
0.9402217864990234,0.000958752621832204,0.1773098344396118,-0.8194094758525949,0.0,0.0
0.9429025650024414,0.000958752621832204,0.04119935912108019,-0.8230716411078021,0.0,0.0
0.9452638626098633,0.000958752621832204,0.04730296787975874,-0.8194094758525949,0.0,0.0
0.9472782611846924,0.000958752621832204,0.06988632028686936,-0.8560311284046662,0.0,0.0
0.9502501487731934,0.000958752621832204,-0.10528725108720494,-0.8175783932249914,0.0,0.0
0.9528248310089111,0.0005752515730996777,-0.19378957808804387,-0.8468757152666484,0.0,0.0
0.9554271697998047,0.000958752621832204,-0.12237735561150487,-0.8450446326390448,0.0,0.0
0.9578816890716553,0.000958752621832204,0.0015259021896696368,-0.8670176241702876,0.0,0.0
0.96061110496521,0.000958752621832204,0.16754406042572612,-0.8670176241702876,0.0,0.0
0.9633193016052246,0.000958752621832204,0.008850232700083893,-0.8596932936598733,0.0,0.0
0.9657711982727051,0.000958752621832204,-0.08941786831464071,-0.8944838635843411,0.0,0.0
0.9679200649261475,0.000958752621832204,-0.11200122072175134,-0.8688487067978912,0.0,0.0
0.9706354141235352,0.000958752621832204,0.1394674601358048,-0.848706797894252,0.0,0.0
0.973362922668457,0.000958752621832204,-0.14312962539101193,-0.9494163424124551,0.0,0.0
0.9760196208953857,0.000958752621832204,-0.058289463645380124,-0.9475852597848515,0.0,0.0
0.9786684513092041,0.000958752621832204,-0.023498893720912406,-0.9311055161364123,0.0,0.0
0.9813253879547119,0.000958752621832204,0.12420843823910843,-0.8578622110322698,0.0,0.0
0.983992338180542,0.000958752621832204,0.01617456321049815,-0.8706797894254947,0.0,0.0
0.9866836071014404,0.000958752621832204,-0.03448538948653379,-0.865186541542684,0.0,0.0
0.9893133640289307,0.000958752621832204,0.11200122072175134,-0.9292744335088088,0.0,0.0
0.9919922351837158,0.000958752621832204,-0.03997863736934448,-0.9036392767223589,0.0,0.0
0.9946634769439697,0.000958752621832204,-0.033875028610665936,-0.8999771114671518,0.0,0.0
0.9974064826965332,0.000958752621832204,0.09063859006637642,-0.9695582513160943,0.0,0.0
1.000049352645874,0.000958752621832204,0.07965209430075504,-0.8340581368734235,0.0,0.0
1.0025153160095215,0.0005752515730996777,0.02410925459678026,-0.8706797894254947,0.0,0.0
1.0052635669708252,0.000958752621832204,0.06256198977645511,-0.8084229800869736,0.0,0.0
1.0079147815704346,0.000958752621832204,-0.12970168612191912,-0.8596932936598733,0.0,0.0
1.0105693340301514,0.000958752621832204,0.13641565575646553,-0.8889906157015304,0.0,0.0
1.0132958889007568,0.000958752621832204,0.10772869459067635,-0.8743419546807019,0.0,0.0
1.016019344329834,0.0005752515730996777,0.028381780727855244,-0.8322270542458199,0.0,0.0
1.0187244415283203,0.000958752621832204,0.09796292057679068,-0.8725108720530983,0.0,0.0
1.021571159362793,0.0005752515730996777,-0.21271076523994736,-0.8249027237354056,0.0,0.0
1.0243220329284668,0.000958752621832204,0.21332112611581522,-0.8798352025635126,0.0,0.0
1.026921272277832,0.0005752515730996777,0.08209353780422646,-0.80659189745937,0.0,0.0
1.0296423435211182,0.000958752621832204,0.18951705195696888,-0.8725108720530983,0.0,0.0
1.0323076248168945,0.000958752621832204,-0.011291676203555312,-0.8285648889906128,0.0,0.0
1.0344302654266357,0.000958752621832204,-0.04058899824521234,-0.8743419546807019,0.0,0.0
1.0365614891052246,0.000958752621832204,0.09430075532158355,-0.8834973678187197,0.0,0.0
1.039330244064331,0.0005752515730996777,-0.1718165865568011,-0.878004119935909,0.0,0.0
1.0420923233032227,0.000958752621832204,0.06866559853513365,-0.8285648889906128,0.0,0.0
1.0447826385498047,0.0005752515730996777,-0.04608224612802303,-0.907301441977566,0.0,0.0
1.0474944114685059,0.0005752515730996777,-0.23956664377813297,-0.8670176241702876,0.0,0.0
1.0502064228057861,0.000958752621832204,-0.018005645838101714,-0.8285648889906128,0.0,0.0
1.0529248714447021,0.000958752621832204,0.11322194247348705,-0.80659189745937,0.0,0.0
1.055670976638794,0.000958752621832204,0.012512397955291021,-0.7864499885557308,0.0,0.0
1.0584514141082764,0.0005752515730996777,-0.014343480582894585,-0.8029297322041629,0.0,0.0
1.061161994934082,0.0005752515730996777,0.04180971999694805,-0.7919432364385415,0.0,0.0
1.0638763904571533,0.000958752621832204,0.015564202334630295,-0.7736324101625058,0.0,0.0
1.0664124488830566,0.000958752621832204,-0.0949111161974514,-0.8010986495765593,0.0,0.0
1.0689654350280762,0.000958752621832204,0.1406881818875405,-0.9292744335088088,0.0,0.0
1.0716686248779297,0.000958752621832204,0.1193255512321656,-0.8212405584801985,0.0,0.0
1.074434518814087,0.000958752621832204,-0.11749446860456203,-0.764476997024488,0.0,0.0
1.0771796703338623,0.000958752621832204,0.06744487678339794,-0.8743419546807019,0.0,0.0
1.0798969268798828,0.000958752621832204,-0.09918364232852639,-0.793774319066145,0.0,0.0
1.082414150238037,0.0005752515730996777,-0.01861600671396957,-0.8102540627145771,0.0,0.0
1.0853333473205566,0.0005752515730996777,-0.17364766918440466,-0.7589837491416773,0.0,0.0
1.088010311126709,0.000958752621832204,0.10284580758373352,-0.764476997024488,0.0,0.0
1.090517282485962,0.000958752621832204,0.003356984817273201,-0.7901121538109379,0.0,0.0
1.093200445175171,0.0005752515730996777,-0.11505302510109061,-0.8377203021286306,0.0,0.0
1.0958244800567627,0.0005752515730996777,-0.01861600671396957,-0.7974364843213522,0.0,0.0
1.0982379913330078,0.000958752621832204,-0.06378271152819082,-0.8505378805218555,0.0,0.0
1.100884199142456,0.0005752515730996777,0.11200122072175134,-0.8450446326390448,0.0,0.0
1.1034047603607178,0.000958752621832204,0.10528725108720494,-0.8139162279697842,0.0,0.0
1.1062743663787842,0.000958752621832204,0.14129854276340836,-0.8322270542458199,0.0,0.0
1.108875036239624,0.000958752621832204,0.016784924086366004,-0.8267338063630092,0.0,0.0
1.1114225387573242,0.000958752621832204,-0.04730296787975874,-0.8084229800869736,0.0,0.0
1.1140639781951904,0.000958752621832204,-0.19989318684672241,-0.8029297322041629,0.0,0.0
1.1168217658996582,0.0005752515730996777,-0.13580529488059767,-0.8889906157015304,0.0,0.0
1.1194591522216797,0.000958752621832204,-0.04608224612802303,-0.8944838635843411,0.0,0.0
1.1221649646759033,0.000958752621832204,0.197451743343251,-0.8340581368734235,0.0,0.0
1.124730110168457,0.000958752621832204,0.07415884641794435,-0.8706797894254947,0.0,0.0
1.1273548603057861,0.000958752621832204,0.20172426947432598,-0.8249027237354056,0.0,0.0
1.1299560070037842,0.000958752621832204,0.00579842832074462,-0.8212405584801985,0.0,0.0
1.1325368881225586,0.000958752621832204,-0.07965209430075504,-0.8981460288395482,0.0,0.0
1.1350152492523193,0.000958752621832204,-0.1406881818875405,-0.8615243762874769,0.0,0.0
1.1379714012145996,0.000958752621832204,0.035095750362401645,-0.8505378805218555,0.0,0.0
1.1406161785125732,0.000958752621832204,-0.03692683299000521,-0.8963149462119446,0.0,0.0
1.1432678699493408,0.000958752621832204,0.0289921416037231,-0.9127946898603767,0.0,0.0
1.1460092067718506,0.000958752621832204,0.0021362630655374915,-0.848706797894252,0.0,0.0
1.1484465599060059,0.000958752621832204,-0.033875028610665936,-0.8542000457770627,0.0,0.0
1.1509554386138916,0.000958752621832204,0.05889982452124798,-0.9274433508812052,0.0,0.0
1.15309739112854,0.000958752621832204,-0.11078049897001563,-0.9567406729228694,0.0,0.0
1.1551587581634521,0.000958752621832204,-0.05401693751430514,-0.8596932936598733,0.0,0.0
1.1571872234344482,0.000958752621832204,0.15533684290836902,-0.8450446326390448,0.0,0.0
1.1591863632202148,0.000958752621832204,0.27191577019912927,-0.9604028381780765,0.0,0.0
1.1612615585327148,0.000958752621832204,-0.009460593575951748,-0.8761730373083054,0.0,0.0
1.1632554531097412,0.000958752621832204,-0.14435034714274764,-0.835889219501027,0.0,0.0
1.1652958393096924,0.000958752621832204,-0.11688410772869418,-0.8743419546807019,0.0,0.0
1.1674888134002686,0.000958752621832204,-0.23468375677119013,-0.8706797894254947,0.0,0.0
1.1698670387268066,0.000958752621832204,0.07782101167315147,-0.9091325246051696,0.0,0.0
1.172382116317749,0.000958752621832204,0.1193255512321656,-0.9256122682536017,0.0,0.0
1.1747863292694092,0.000958752621832204,0.15655756466010473,-0.8834973678187197,0.0,0.0
1.1773195266723633,0.000958752621832204,-0.010070954451819603,-0.8871595330739268,0.0,0.0
1.179572343826294,0.000958752621832204,-0.08087281605249075,-0.9127946898603767,0.0,0.0
1.1820461750030518,0.000958752621832204,0.00030518043793392735,-0.9256122682536017,0.0,0.0
1.1840884685516357,0.000958752621832204,0.01739528496223386,-0.9164568551155838,0.0,0.0
1.1862385272979736,0.000958752621832204,0.024719615472648115,-0.907301441977566,0.0,0.0
1.1885769367218018,0.000958752621832204,-0.11078049897001563,-0.8725108720530983,0.0,0.0
1.1909244060516357,0.000958752621832204,0.1528953994048976,-0.907301441977566,0.0,0.0
1.19368577003479,0.000958752621832204,0.10528725108720494,-0.9182879377431874,0.0,0.0
1.195923089981079,0.000958752621832204,-0.055848020141908705,-0.9182879377431874,0.0,0.0
1.198603630065918,0.000958752621832204,0.12542915999084414,-0.8908216983291339,0.0,0.0
1.201556921005249,0.000958752621832204,0.09979400320439424,-0.8889906157015304,0.0,0.0
1.2039508819580078,0.000958752621832204,0.08575570305943359,-0.9018081940947553,0.0,0.0
1.2062621116638184,0.000958752621832204,-0.18158236057068677,-0.9640650034332836,0.0,0.0
1.209143877029419,0.000958752621832204,-0.022278171969176697,-0.9256122682536017,0.0,0.0
1.2118899822235107,0.000958752621832204,-0.007629510948348184,-0.9127946898603767,0.0,0.0
1.2146861553192139,0.000958752621832204,-0.03204394598306237,-0.9036392767223589,0.0,0.0
1.217494249343872,0.000958752621832204,-0.09674219882505497,-0.9164568551155838,0.0,0.0
1.2199995517730713,0.000958752621832204,0.19439993896391172,-0.9713893339436979,0.0,0.0
1.2230422496795654,0.000958752621832204,-0.0802624551766229,-0.9347676813916195,0.0,0.0
1.2257800102233887,0.000958752621832204,-0.07232776379034078,-0.9127946898603767,0.0,0.0
1.2282664775848389,0.000958752621832204,0.07171740291447293,-0.9237811856259981,0.0,0.0
1.2309048175811768,0.000958752621832204,0.030212863355458808,-0.9292744335088088,0.0,0.0
1.2334153652191162,0.000958752621832204,0.09796292057679068,-0.945754177157248,0.0,0.0
1.236499309539795,0.000958752621832204,-0.014343480582894585,-0.9402609292744373,0.0,0.0
1.2395386695861816,0.000958752621832204,-0.09857328145265853,-0.9146257724879803,0.0,0.0
1.2424993515014648,0.000958752621832204,0.08636606393530144,-0.9127946898603767,0.0,0.0
1.245312213897705,0.0005752515730996777,-0.18097199969481892,-0.8944838635843411,0.0,0.0
1.2484345436096191,0.000958752621832204,-0.05401693751430514,-0.9402609292744373,0.0,0.0
1.251511812210083,0.000958752621832204,-0.09979400320439424,-0.9054703593499625,0.0,0.0
1.2545669078826904,0.000958752621832204,-0.033875028610665936,-0.9311055161364123,0.0,0.0
1.2575337886810303,0.000958752621832204,-0.08270389868009431,-0.9512474250400587,0.0,0.0
1.2606303691864014,0.000958752621832204,0.0015259021896696368,-0.8340581368734235,0.0,0.0
1.2636468410491943,0.000958752621832204,-0.13641565575646553,-0.8944838635843411,0.0,0.0
1.266361951828003,0.000958752621832204,0.11200122072175134,-0.8834973678187197,0.0,0.0
1.269148349761963,0.000958752621832204,0.06317235065232296,-0.8853284504463232,0.0,0.0
1.2718119621276855,0.000958752621832204,0.0949111161974514,-0.8908216983291339,0.0,0.0
1.2744760513305664,0.000958752621832204,-0.023498893720912406,-0.8432135500114413,0.0,0.0
1.277132511138916,0.000958752621832204,-0.19806210421911885,-0.945754177157248,0.0,0.0
1.27988600730896,0.000958752621832204,0.10894941634241206,-0.9292744335088088,0.0,0.0
1.2826752662658691,0.000958752621832204,-0.011291676203555312,-0.8450446326390448,0.0,0.0
1.2853209972381592,0.000958752621832204,0.0802624551766229,-0.8725108720530983,0.0,0.0
1.2880065441131592,0.000958752621832204,-0.019226367589837423,-0.8706797894254947,0.0,0.0
1.290776014328003,0.000958752621832204,0.006408789196612474,-0.8871595330739268,0.0,0.0
1.293320894241333,0.0005752515730996777,-0.19256885633630816,-0.8139162279697842,0.0,0.0
1.2958393096923828,0.000958752621832204,0.005188067444876765,-0.9018081940947553,0.0,0.0
1.2980399131774902,0.000958752621832204,-0.09613183794918712,-0.8450446326390448,0.0,0.0
1.3005092144012451,0.000958752621832204,-0.014343480582894585,-0.8889906157015304,0.0,0.0
1.3030059337615967,0.0005752515730996777,0.003356984817273201,-0.8725108720530983,0.0,0.0
1.3057663440704346,0.000958752621832204,-0.14007782101167265,-0.8377203021286306,0.0,0.0
1.3087177276611328,0.000958752621832204,-0.05523765926604085,-0.8084229800869736,0.0,0.0
1.311725378036499,0.000958752621832204,0.14190890363927622,-0.8560311284046662,0.0,0.0
1.3140392303466797,0.000958752621832204,0.11261158159761919,-0.9347676813916195,0.0,0.0
1.31630539894104,0.000958752621832204,-0.01617456321049815,-0.8798352025635126,0.0,0.0
1.3190007209777832,0.000958752621832204,-0.049134050507362304,-0.8377203021286306,0.0,0.0
1.3215796947479248,0.0005752515730996777,0.007019150072480329,-0.8303959716182163,0.0,0.0
1.32377028465271,0.000958752621832204,0.013122758831158876,-0.8706797894254947,0.0,0.0
1.3264639377593994,0.000958752621832204,0.037537193865873064,-0.8834973678187197,0.0,0.0
1.3292014598846436,0.000958752621832204,-0.06622415503166224,-0.920119020370791,0.0,0.0
1.3320553302764893,0.000958752621832204,0.0814831769283586,-0.8871595330739268,0.0,0.0
1.3344173431396484,0.000958752621832204,-0.06317235065232296,-0.8377203021286306,0.0,0.0
1.3365867137908936,0.000958752621832204,-0.019836728465705278,-0.8377203021286306,0.0,0.0
1.3393206596374512,0.000958752621832204,-0.019226367589837423,-0.8889906157015304,0.0,0.0
1.3419995307922363,0.000958752621832204,0.1461814297703512,-0.8633554589150805,0.0,0.0
1.3446729183197021,0.000958752621832204,0.17547875181200823,-0.9146257724879803,0.0,0.0
1.3474388122558594,0.0005752515730996777,-0.05096513313496587,-0.9402609292744373,0.0,0.0
1.3500661849975586,0.000958752621832204,0.06988632028686936,-0.9164568551155838,0.0,0.0
1.3527586460113525,0.000958752621832204,0.17242694743266895,-0.8505378805218555,0.0,0.0
1.3554561138153076,0.000958752621832204,0.02777141985198739,-0.8578622110322698,0.0,0.0
1.3580310344696045,0.000958752621832204,0.046692607003890885,-0.878004119935909,0.0,0.0
1.3607656955718994,0.000958752621832204,-0.05767910276951227,-0.8194094758525949,0.0,0.0
1.363452434539795,0.000958752621832204,0.029602502479590953,-0.8413824673838377,0.0,0.0
1.3658912181854248,0.000958752621832204,-0.022278171969176697,-0.8303959716182163,0.0,0.0
1.3684518337249756,0.000958752621832204,0.29510948348210775,-0.8981460288395482,0.0,0.0
1.371138334274292,0.000958752621832204,0.0424200808728159,-0.8084229800869736,0.0,0.0
1.3736846446990967,0.000958752621832204,0.17547875181200823,-0.8542000457770627,0.0,0.0
1.3760933876037598,0.000958752621832204,0.1852445258258939,-0.8505378805218555,0.0,0.0
1.3787944316864014,0.000958752621832204,0.05523765926604085,-0.8303959716182163,0.0,0.0
1.3810360431671143,0.000958752621832204,0.1272602426184477,-0.8249027237354056,0.0,0.0
1.3839728832244873,0.000958752621832204,0.04730296787975874,-0.8450446326390448,0.0,0.0
1.3866469860076904,0.000958752621832204,-0.193179217212176,-0.9091325246051696,0.0,0.0
1.3892560005187988,0.000958752621832204,-0.0802624551766229,-0.8285648889906128,0.0,0.0
1.3919222354888916,0.0005752515730996777,-0.24078736552986868,-0.8871595330739268,0.0,0.0
1.3948948383331299,0.000958752621832204,-0.08270389868009431,-0.8963149462119446,0.0,0.0
1.3974554538726807,0.000958752621832204,-0.03265430685893023,-0.8908216983291339,0.0,0.0
1.400144338607788,0.000958752621832204,-0.1327534905012584,-0.8981460288395482,0.0,0.0
1.4028239250183105,0.000958752621832204,-0.0949111161974514,-0.8450446326390448,0.0,0.0
1.4058890342712402,0.000958752621832204,0.1663233386739904,-0.8908216983291339,0.0,0.0
1.4088261127471924,0.000958752621832204,0.2298008697642473,-0.878004119935909,0.0,0.0
1.41158127784729,0.000958752621832204,-0.015564202334630295,-0.865186541542684,0.0,0.0
1.414604902267456,0.000958752621832204,-0.14557106889448335,-0.8908216983291339,0.0,0.0
1.417707920074463,0.000958752621832204,0.13519493400472982,-0.8395513847562341,0.0,0.0
1.4207324981689453,0.000958752621832204,0.045471885252155175,-0.8505378805218555,0.0,0.0
1.4237306118011475,0.000958752621832204,0.09308003356984784,-0.9274433508812052,0.0,0.0
1.4267163276672363,0.000958752621832204,0.03692683299000521,-0.9256122682536017,0.0,0.0
1.4294283390045166,0.000958752621832204,0.033875028610665936,-0.9567406729228694,0.0,0.0
1.4323506355285645,0.000958752621832204,-0.1919584954604403,-0.9219501029983945,0.0,0.0
1.4349660873413086,0.000958752621832204,-0.11627374685282632,-0.8596932936598733,0.0,0.0
1.4377453327178955,0.000958752621832204,0.01495384145876244,-0.920119020370791,0.0,0.0
1.4405789375305176,0.000958752621832204,0.08880750743877286,-0.8944838635843411,0.0,0.0
1.4435033798217773,0.000958752621832204,-0.09185931181811213,-0.936598764019223,0.0,0.0
1.446152925491333,0.000958752621832204,-0.047913328755626594,-0.9274433508812052,0.0,0.0
1.4490244388580322,0.000958752621832204,-0.06988632028686936,-0.9164568551155838,0.0,0.0
1.4517645835876465,0.000958752621832204,0.07721065079728362,-0.8212405584801985,0.0,0.0
1.4544353485107422,0.000958752621832204,-0.030212863355458808,-0.9146257724879803,0.0,0.0
1.4568521976470947,0.000958752621832204,0.05035477225909801,-0.8944838635843411,0.0,0.0
1.4593870639801025,0.000958752621832204,0.1004043640802621,-0.9494163424124551,0.0,0.0
1.462017297744751,0.000958752621832204,0.10528725108720494,-0.975051499198905,0.0,0.0
1.4644289016723633,0.000958752621832204,0.11505302510109061,-0.8761730373083054,0.0,0.0
1.4671332836151123,0.000958752621832204,-0.19684138246738314,-0.9732204165713014,0.0,0.0
1.4694159030914307,0.000958752621832204,-0.036316472114137355,-0.9182879377431874,0.0,0.0
1.471959114074707,0.000958752621832204,-0.055848020141908705,-0.9311055161364123,0.0,0.0
1.474529504776001,0.000958752621832204,0.02655069810025168,-0.920119020370791,0.0,0.0
1.4771409034729004,0.000958752621832204,-0.038757915617608774,-0.9420920119020408,0.0,0.0
1.4797849655151367,0.000958752621832204,-0.09674219882505497,-0.8761730373083054,0.0,0.0
1.4821982383728027,0.000958752621832204,-0.0289921416037231,-0.8633554589150805,0.0,0.0
1.4848754405975342,0.000958752621832204,-0.045471885252155175,-0.9933623254749406,0.0,0.0
1.4875874519348145,0.000958752621832204,-0.12542915999084414,-0.8798352025635126,0.0,0.0
1.490307331085205,0.000958752621832204,0.13885709925993694,-0.8871595330739268,0.0,0.0
1.492999792098999,0.000958752621832204,-0.16876478217746183,-0.9018081940947553,0.0,0.0
1.4957334995269775,0.000958752621832204,-0.16144045166704757,-0.865186541542684,0.0,0.0
1.4984312057495117,0.000958752621832204,0.09063859006637642,-0.8981460288395482,0.0,0.0
1.5011484622955322,0.000958752621832204,0.057068741893644415,-0.8871595330739268,0.0,0.0
1.503753900527954,0.000958752621832204,0.05889982452124798,-0.8084229800869736,0.0,0.0
1.5063772201538086,0.000958752621832204,0.0021362630655374915,-0.936598764019223,0.0,0.0
1.5091519355773926,0.000958752621832204,0.24139772640573653,-0.8963149462119446,0.0,0.0
1.5118796825408936,0.000958752621832204,-0.022278171969176697,-0.9384298466468337,0.0,0.0
1.514735460281372,0.000958752621832204,-0.05645838101777656,-0.8432135500114413,0.0,0.0
1.5174334049224854,0.000958752621832204,0.01739528496223386,-0.8798352025635126,0.0,0.0
1.5204863548278809,0.000958752621832204,-0.011291676203555312,-0.8560311284046662,0.0,0.0
1.5235393047332764,0.000958752621832204,0.015564202334630295,-0.8871595330739268,0.0,0.0
1.526416301727295,0.000958752621832204,-0.038757915617608774,-0.8450446326390448,0.0,0.0
1.5294663906097412,0.000958752621832204,0.03692683299000521,-0.8798352025635126,0.0,0.0
1.532130479812622,0.000958752621832204,0.14862287327382262,-0.9237811856259981,0.0,0.0
1.5349047183990479,0.000958752621832204,-0.05279621576256943,-0.9036392767223589,0.0,0.0
1.5380306243896484,0.000958752621832204,0.1406881818875405,-0.9713893339436979,0.0,0.0
1.5406410694122314,0.0005752515730996777,-0.03204394598306237,-0.878004119935909,0.0,0.0
1.5436334609985352,0.000958752621832204,0.1474021515220869,-0.8816662851911161,0.0,0.0
1.5466761589050293,0.000958752621832204,0.04974441138323016,-0.8908216983291339,0.0,0.0
1.5499742031097412,0.000958752621832204,-0.10589761196307279,-0.8303959716182163,0.0,0.0
1.5529725551605225,0.000958752621832204,-0.08392462043183002,-0.8963149462119446,0.0,0.0
1.5559608936309814,0.000958752621832204,0.03936827649347663,-0.8670176241702876,0.0,0.0
1.5587973594665527,0.000958752621832204,-0.16571297779812255,-0.8102540627145771,0.0,0.0
1.5618202686309814,0.0005752515730996777,-0.17242694743266895,-0.8834973678187197,0.0,0.0
1.564560890197754,0.000958752621832204,0.3103685053788041,-0.8578622110322698,0.0,0.0
1.5670127868652344,0.000958752621832204,-0.05523765926604085,-0.8633554589150805,0.0,0.0
1.5692222118377686,0.0005752515730996777,-0.16876478217746183,-0.9091325246051696,0.0,0.0
1.571922779083252,0.000958752621832204,-0.002746623941405346,-0.8578622110322698,0.0,0.0
1.5746655464172363,0.000958752621832204,0.10223544670786566,-0.8834973678187197,0.0,0.0
1.5773799419403076,0.000958752621832204,-0.06073090714885154,-0.878004119935909,0.0,0.0
1.5800158977508545,0.000958752621832204,0.11322194247348705,-0.8542000457770627,0.0,0.0
1.58286714553833,0.000958752621832204,0.1406881818875405,-0.8743419546807019,0.0,0.0
1.5855867862701416,0.000958752621832204,-0.1327534905012584,-0.8542000457770627,0.0,0.0
1.5883259773254395,0.0005752515730996777,-0.14007782101167265,-0.8340581368734235,0.0,0.0
1.5909018516540527,0.000958752621832204,-0.06683451590753009,-0.8926527809567375,0.0,0.0
1.593658685684204,0.000958752621832204,-0.0814831769283586,-0.7095445181963811,0.0,0.0
1.596440315246582,0.000958752621832204,-0.06378271152819082,-0.8908216983291339,0.0,0.0
1.599238395690918,0.000958752621832204,0.0357061112382695,-0.8523689631494591,0.0,0.0
1.6018891334533691,0.000958752621832204,-0.11871519035629774,-0.9127946898603767,0.0,0.0
1.6045756340026855,0.000958752621832204,0.0802624551766229,-0.8303959716182163,0.0,0.0
1.6073005199432373,0.000958752621832204,-0.23712520027466155,-0.848706797894252,0.0,0.0
1.6100082397460938,0.0005752515730996777,0.03204394598306237,-0.8963149462119446,0.0,0.0
1.6128885746002197,0.000958752621832204,0.12115663385976916,-0.8303959716182163,0.0,0.0
1.615485429763794,0.000958752621832204,0.04364080262455161,-0.8706797894254947,0.0,0.0
1.6185331344604492,0.000958752621832204,0.1528953994048976,-0.8560311284046662,0.0,0.0
1.621506929397583,0.000958752621832204,-0.07904173342488718,-0.793774319066145,0.0,0.0
1.6244289875030518,0.0005752515730996777,-0.11627374685282632,-0.8084229800869736,0.0,0.0
1.627415418624878,0.0005752515730996777,-0.2365148393987937,-0.8615243762874769,0.0,0.0
1.630357027053833,0.0005752515730996777,-0.16449225604638684,-0.8853284504463232,0.0,0.0
1.6332521438598633,0.000958752621832204,0.00030518043793392735,-0.8633554589150805,0.0,0.0
1.6360008716583252,0.000958752621832204,0.1461814297703512,-0.7589837491416773,0.0,0.0
1.6387479305267334,0.000958752621832204,0.21454184786755093,-0.8303959716182163,0.0,0.0
1.6417381763458252,0.0005752515730996777,0.11261158159761919,-0.8542000457770627,0.0,0.0
1.6445817947387695,0.000958752621832204,-0.021667811093308842,-0.865186541542684,0.0,0.0
1.647242546081543,0.000958752621832204,0.1138323033493549,-0.8413824673838377,0.0,0.0
1.6497504711151123,0.000958752621832204,-0.05401693751430514,-0.9018081940947553,0.0,0.0
1.6524662971496582,0.0005752515730996777,-0.22369726100556875,-0.865186541542684,0.0,0.0
1.6551470756530762,0.0005752515730996777,-0.18829633020523318,-0.9036392767223589,0.0,0.0
1.6578099727630615,0.000958752621832204,0.07171740291447293,-0.9109636072327731,0.0,0.0
1.6603024005889893,0.000958752621832204,0.07904173342488718,-0.8816662851911161,0.0,0.0
1.6629700660705566,0.000958752621832204,0.05279621576256943,-0.8084229800869736,0.0,0.0
1.6654398441314697,0.000958752621832204,-0.025940337224383825,-0.8963149462119446,0.0,0.0
1.668524980545044,0.000958752621832204,-0.0039673456931410556,-0.8468757152666484,0.0,0.0
1.6712636947631836,0.000958752621832204,0.15350576028076546,-0.8523689631494591,0.0,0.0
1.6740899085998535,0.000958752621832204,0.03936827649347663,-0.8908216983291339,0.0,0.0
1.6771125793457031,0.000958752621832204,0.06439307240405867,-0.8981460288395482,0.0,0.0
1.6800475120544434,0.000958752621832204,-0.0869764248111693,-0.8688487067978912,0.0,0.0
1.6829097270965576,0.000958752621832204,-0.14251926451514407,-0.8798352025635126,0.0,0.0
1.6857471466064453,0.000958752621832204,0.024719615472648115,-0.8688487067978912,0.0,0.0
1.6884117126464844,0.0005752515730996777,-0.2041657129777974,-0.9164568551155838,0.0,0.0
1.6914277076721191,0.000958752621832204,-0.0424200808728159,-0.835889219501027,0.0,0.0
1.6942389011383057,0.000958752621832204,0.13702601663233338,-0.8322270542458199,0.0,0.0
1.69704270362854,0.000958752621832204,-0.029602502479590953,-0.945754177157248,0.0,0.0
1.6999640464782715,0.000958752621832204,0.05279621576256943,-0.9732204165713014,0.0,0.0
1.7029223442077637,0.000958752621832204,0.019836728465705278,-0.8853284504463232,0.0,0.0
1.7058358192443848,0.000958752621832204,0.09308003356984784,-0.8926527809567375,0.0,0.0
1.708794116973877,0.000958752621832204,-0.10101472495612995,-0.8871595330739268,0.0,0.0
1.7118122577667236,0.000958752621832204,-0.09002822919050857,-0.9567406729228694,0.0,0.0
1.7148478031158447,0.0005752515730996777,-0.15350576028076546,-0.9530785076676622,0.0,0.0
1.7179489135742188,0.000958752621832204,0.24567025253681152,-0.8139162279697842,0.0,0.0
1.7209272384643555,0.000958752621832204,0.08087281605249075,-0.9219501029983945,0.0,0.0
1.7234208583831787,0.000958752621832204,0.12848096437018341,-0.7974364843213522,0.0,0.0
1.726301670074463,0.000958752621832204,-0.12115663385976916,-0.835889219501027,0.0,0.0
1.7291643619537354,0.000958752621832204,-0.08575570305943359,-0.9475852597848515,0.0,0.0
1.7322790622711182,0.000958752621832204,-0.09552147707331926,-0.9146257724879803,0.0,0.0
1.735328197479248,0.000958752621832204,-0.04730296787975874,-0.9274433508812052,0.0,0.0
1.738008975982666,0.000958752621832204,0.006408789196612474,-0.8999771114671518,0.0,0.0
1.7410507202148438,0.000958752621832204,-0.04852368963149445,-0.8944838635843411,0.0,0.0
1.7439494132995605,0.000958752621832204,0.05889982452124798,-0.9219501029983945,0.0,0.0
1.7466282844543457,0.0005752515730996777,-0.126039520866712,-0.8926527809567375,0.0,0.0
1.7497591972351074,0.000958752621832204,0.07660028992141577,-0.8542000457770627,0.0,0.0
1.7525012493133545,0.000958752621832204,-0.03814755474174092,-0.8523689631494591,0.0,0.0
1.755497694015503,0.000958752621832204,0.13580529488059767,-0.8944838635843411,0.0,0.0
1.7582812309265137,0.000958752621832204,-0.12115663385976916,-0.8926527809567375,0.0,0.0
1.761117696762085,0.000958752621832204,-0.005188067444876765,-0.8889906157015304,0.0,0.0
1.7641615867614746,0.000958752621832204,-0.02410925459678026,-0.8670176241702876,0.0,0.0
1.766939401626587,0.000958752621832204,0.16144045166704757,-0.8981460288395482,0.0,0.0
1.7695682048797607,0.000958752621832204,-0.14251926451514407,-0.8395513847562341,0.0,0.0
1.7720296382904053,0.000958752621832204,0.002746623941405346,-0.9091325246051696,0.0,0.0
1.7744245529174805,0.000958752621832204,0.07171740291447293,-0.8963149462119446,0.0,0.0
1.7770335674285889,0.0005752515730996777,-0.15899900816357615,-0.8505378805218555,0.0,0.0
1.7794520854949951,0.000958752621832204,-0.014343480582894585,-0.835889219501027,0.0,0.0
1.781996250152588,0.000958752621832204,-0.007019150072480329,-0.8926527809567375,0.0,0.0
1.7847084999084473,0.000958752621832204,-0.03448538948653379,-0.9018081940947553,0.0,0.0
1.7873728275299072,0.000958752621832204,-0.09185931181811213,-0.9292744335088088,0.0,0.0
1.7899749279022217,0.0005752515730996777,-0.3500419623102182,-0.9182879377431874,0.0,0.0
1.7926278114318848,0.000958752621832204,0.015564202334630295,-0.8834973678187197,0.0,0.0
1.7952065467834473,0.000958752621832204,0.021057450217440987,-0.8834973678187197,0.0,0.0
1.7979068756103516,0.000958752621832204,-0.07293812466620864,-0.8413824673838377,0.0,0.0
1.8006272315979004,0.000958752621832204,-0.049134050507362304,-0.8267338063630092,0.0,0.0
1.803354024887085,0.000958752621832204,0.10101472495612995,-0.9292744335088088,0.0,0.0
1.8059163093566895,0.000958752621832204,0.07049668116273722,-0.8120851453421807,0.0,0.0
1.8085606098175049,0.000958752621832204,0.1730373083085368,-0.8908216983291339,0.0,0.0
1.8113007545471191,0.0005752515730996777,-0.09063859006637642,-0.8725108720530983,0.0,0.0
1.814082145690918,0.000958752621832204,0.03448538948653379,-0.8798352025635126,0.0,0.0
1.8164756298065186,0.000958752621832204,0.037537193865873064,-0.7681391622796951,0.0,0.0
1.8192479610443115,0.000958752621832204,0.000915541313801782,-0.8596932936598733,0.0,0.0
1.8218319416046143,0.000958752621832204,-0.010681315327687457,-0.9054703593499625,0.0,0.0
1.824450969696045,0.000958752621832204,0.03326466773479808,-0.9713893339436979,0.0,0.0
1.827383279800415,0.000958752621832204,0.024719615472648115,-0.9182879377431874,0.0,0.0
1.82999587059021,0.000958752621832204,0.00030518043793392735,-0.764476997024488,0.0,0.0
1.8324158191680908,0.000958752621832204,-0.003356984817273201,-0.8468757152666484,0.0,0.0
1.8350143432617188,0.000958752621832204,0.15228503852902975,-0.8010986495765593,0.0,0.0
1.8376579284667969,0.000958752621832204,-0.028381780727855244,-0.8029297322041629,0.0,0.0
1.840378999710083,0.0005752515730996777,-0.0613412680247194,-0.8816662851911161,0.0,0.0
1.8428895473480225,0.000958752621832204,-0.07660028992141577,-0.9640650034332836,0.0,0.0
1.845240592956543,0.000958752621832204,0.0357061112382695,-0.8468757152666484,0.0,0.0
1.8478591442108154,0.0005752515730996777,-0.19439993896391172,-0.8560311284046662,0.0,0.0
1.850374460220337,0.000958752621832204,0.030823224231326662,-0.8230716411078021,0.0,0.0
1.8530571460723877,0.000958752621832204,-0.049134050507362304,-0.8413824673838377,0.0,0.0
1.8561265468597412,0.000958752621832204,-0.04058899824521234,-0.9036392767223589,0.0,0.0
1.8591976165771484,0.000958752621832204,-0.07965209430075504,-0.9127946898603767,0.0,0.0
1.8621811866760254,0.000958752621832204,-0.05645838101777656,-0.8963149462119446,0.0,0.0
1.8648898601531982,0.000958752621832204,0.014343480582894585,-0.8450446326390448,0.0,0.0
1.867497205734253,0.000958752621832204,-0.19684138246738314,-0.8578622110322698,0.0,0.0
1.8701794147491455,0.000958752621832204,-0.18158236057068677,-0.8633554589150805,0.0,0.0
1.8728141784667969,0.000958752621832204,0.0802624551766229,-0.8798352025635126,0.0,0.0
1.875502586364746,0.000958752621832204,0.11993591210803345,-0.8944838635843411,0.0,0.0
1.878220796585083,0.000958752621832204,-0.16754406042572612,-0.8670176241702876,0.0,0.0
1.8805921077728271,0.000958752621832204,-0.23163195239185086,-0.9018081940947553,0.0,0.0
1.883260726928711,0.000958752621832204,0.2633707179369793,-0.8029297322041629,0.0,0.0
1.8863253593444824,0.000958752621832204,-0.03448538948653379,-0.8468757152666484,0.0,0.0
1.8890666961669922,0.000958752621832204,-0.01495384145876244,-0.8688487067978912,0.0,0.0
1.8920762538909912,0.000958752621832204,0.08270389868009431,-0.9329365987640159,0.0,0.0
1.8948752880096436,0.000958752621832204,-0.04730296787975874,-0.8542000457770627,0.0,0.0
1.897726058959961,0.000958752621832204,-0.1071183337148085,-0.8926527809567375,0.0,0.0
1.900514841079712,0.000958752621832204,0.13702601663233338,-0.8926527809567375,0.0,0.0
1.9034597873687744,0.000958752621832204,0.15594720378423688,-0.8523689631494591,0.0,0.0
1.906400203704834,0.000958752621832204,-0.1272602426184477,-0.9512474250400587,0.0,0.0
1.909287691116333,0.000958752621832204,0.0949111161974514,-0.8175783932249914,0.0,0.0
1.9122703075408936,0.000958752621832204,0.10284580758373352,-0.9164568551155838,0.0,0.0
1.9147734642028809,0.000958752621832204,-0.04364080262455161,-0.8029297322041629,0.0,0.0
1.9174504280090332,0.000958752621832204,-0.00579842832074462,-0.8267338063630092,0.0,0.0
1.920163869857788,0.000958752621832204,-0.006408789196612474,-0.8432135500114413,0.0,0.0
1.9228713512420654,0.000958752621832204,-0.16876478217746183,-0.8816662851911161,0.0,0.0
1.9256165027618408,0.000958752621832204,-0.10589761196307279,-0.8303959716182163,0.0,0.0
1.928640365600586,0.000958752621832204,-0.04608224612802303,-0.8578622110322698,0.0,0.0
1.9316225051879883,0.000958752621832204,0.07110704203860507,-0.8725108720530983,0.0,0.0
1.9345343112945557,0.000958752621832204,0.010070954451819603,-0.8871595330739268,0.0,0.0
1.937493085861206,0.0005752515730996777,-0.17669947356374394,-0.8560311284046662,0.0,0.0
1.940389633178711,0.000958752621832204,0.000915541313801782,-0.8889906157015304,0.0,0.0
1.943357229232788,0.000958752621832204,-0.10467689021133708,-0.9164568551155838,0.0,0.0
1.9463071823120117,0.000958752621832204,-0.010681315327687457,-0.9475852597848515,0.0,0.0
1.948732614517212,0.000958752621832204,0.05096513313496587,-0.9604028381780765,0.0,0.0
1.9516093730926514,0.000958752621832204,-0.08270389868009431,-0.9036392767223589,0.0,0.0
1.9543430805206299,0.000958752621832204,0.03265430685893023,-0.8926527809567375,0.0,0.0
1.957399606704712,0.000958752621832204,-0.007629510948348184,-0.8706797894254947,0.0,0.0
1.9603517055511475,0.000958752621832204,-0.09063859006637642,-0.8908216983291339,0.0,0.0
1.9633710384368896,0.000958752621832204,0.1986724650949867,-0.8725108720530983,0.0,0.0
1.965996503829956,0.000958752621832204,0.05157549401083372,-0.9420920119020408,0.0,0.0
1.9687111377716064,0.000958752621832204,0.016784924086366004,-0.8706797894254947,0.0,0.0
1.97139310836792,0.000958752621832204,0.12787060349431556,-0.878004119935909,0.0,0.0
1.9744031429290771,0.000958752621832204,-0.043030441748683756,-0.8633554589150805,0.0,0.0
1.97709059715271,0.000958752621832204,-0.019226367589837423,-0.920119020370791,0.0,0.0
1.9800477027893066,0.000958752621832204,0.033875028610665936,-0.9402609292744373,0.0,0.0
1.983029842376709,0.000958752621832204,0.03997863736934448,-0.9054703593499625,0.0,0.0
1.9855597019195557,0.000958752621832204,-0.08087281605249075,-0.8944838635843411,0.0,0.0
1.9885773658752441,0.000958752621832204,-0.05279621576256943,-0.8084229800869736,0.0,0.0
1.9912962913513184,0.000958752621832204,-0.23895628290226512,-0.9292744335088088,0.0,0.0
1.994316816329956,0.000958752621832204,0.11322194247348705,-0.9219501029983945,0.0,0.0
1.997279405593872,0.000958752621832204,-0.1205462729839013,-0.8560311284046662,0.0,0.0
2.0002830028533936,0.000958752621832204,-0.26947432669565785,-0.9402609292744373,0.0,0.0
2.003152847290039,0.000958752621832204,0.01495384145876244,-0.8688487067978912,0.0,0.0
2.006235361099243,0.000958752621832204,-0.019836728465705278,-0.9018081940947553,0.0,0.0
2.008917808532715,0.000958752621832204,-0.09918364232852639,-0.8688487067978912,0.0,0.0
2.0118978023529053,0.000958752621832204,-0.11200122072175134,-0.8578622110322698,0.0,0.0
2.0147247314453125,0.000958752621832204,-0.16266117341878328,-0.9311055161364123,0.0,0.0
2.017420768737793,0.0005752515730996777,-0.23346303501945442,-0.8505378805218555,0.0,0.0
2.020148515701294,0.000958752621832204,0.06439307240405867,-0.878004119935909,0.0,0.0
2.0228524208068848,0.000958752621832204,-0.07598992904554791,-0.9146257724879803,0.0,0.0
2.0256524085998535,0.000958752621832204,-0.19439993896391172,-0.8505378805218555,0.0,0.0
2.0283148288726807,0.000958752621832204,0.05889982452124798,-0.9292744335088088,0.0,0.0
2.0307774543762207,0.000958752621832204,0.05951018539711583,-0.8194094758525949,0.0,0.0
2.033221960067749,0.000958752621832204,-0.038757915617608774,-0.8413824673838377,0.0,0.0
2.035923480987549,0.000958752621832204,-0.05951018539711583,-0.936598764019223,0.0,0.0
2.0386312007904053,0.000958752621832204,0.15594720378423688,-0.96223392080568,0.0,0.0
2.0413200855255127,0.000958752621832204,0.028381780727855244,-0.9146257724879803,0.0,0.0
2.0439453125,0.000958752621832204,0.09246967269397999,-0.865186541542684,0.0,0.0
2.046452760696411,0.000958752621832204,-0.06317235065232296,-0.9439230945296444,0.0,0.0
2.048819065093994,0.000958752621832204,-0.02288853284504455,-0.9237811856259981,0.0,0.0
2.051469564437866,0.000958752621832204,0.17120622568093324,-0.9512474250400587,0.0,0.0
2.054165840148926,0.000958752621832204,0.07965209430075504,-0.907301441977566,0.0,0.0
2.056347608566284,0.0005752515730996777,-0.13885709925993694,-0.865186541542684,0.0,0.0
2.058985710144043,0.0005752515730996777,-0.11017013809414777,-0.9237811856259981,0.0,0.0
2.0616514682769775,0.000958752621832204,0.06927595941100151,-0.9237811856259981,0.0,0.0
2.0638699531555176,0.000958752621832204,-0.15106431677729404,-0.8230716411078021,0.0,0.0
2.0660080909729004,0.000958752621832204,-0.06500343327992653,-0.8853284504463232,0.0,0.0
2.0685713291168213,0.000958752621832204,0.24261844815747224,-0.9036392767223589,0.0,0.0
2.0713298320770264,0.000958752621832204,0.1382467383840691,-0.9127946898603767,0.0,0.0
2.0739047527313232,0.0005752515730996777,-0.06744487678339794,-0.8395513847562341,0.0,0.0
2.076429843902588,0.000958752621832204,0.17120622568093324,-0.8340581368734235,0.0,0.0
2.078817367553711,0.000958752621832204,-0.014343480582894585,-0.8230716411078021,0.0,0.0
2.0812740325927734,0.000958752621832204,0.06073090714885154,-0.8395513847562341,0.0,0.0
2.083807945251465,0.000958752621832204,0.13580529488059767,-0.8633554589150805,0.0,0.0
2.086469888687134,0.000958752621832204,-0.018005645838101714,-0.8212405584801985,0.0,0.0
2.0891456604003906,0.000958752621832204,-0.03814755474174092,-0.8212405584801985,0.0,0.0
2.091825246810913,0.0005752515730996777,-0.02777141985198739,-0.8523689631494591,0.0,0.0
2.094568967819214,0.000958752621832204,0.19256885633630816,-0.9036392767223589,0.0,0.0
2.097238779067993,0.000958752621832204,-0.03997863736934448,-0.8450446326390448,0.0,0.0
2.099973440170288,0.0005752515730996777,-0.04119935912108019,-0.8908216983291339,0.0,0.0
2.102520227432251,0.000958752621832204,-0.0039673456931410556,-0.8578622110322698,0.0,0.0
2.1055080890655518,0.000958752621832204,0.17792019531547965,-0.8596932936598733,0.0,0.0
2.108299732208252,0.000958752621832204,0.05279621576256943,-0.9237811856259981,0.0,0.0
2.1107940673828125,0.000958752621832204,0.16693369954985826,-0.8340581368734235,0.0,0.0
2.1139414310455322,0.000958752621832204,0.0814831769283586,-0.8670176241702876,0.0,0.0
2.117036819458008,0.000958752621832204,-0.1315327687495227,-0.878004119935909,0.0,0.0
2.1200153827667236,0.000958752621832204,-0.045471885252155175,-0.8523689631494591,0.0,0.0
2.123074531555176,0.000958752621832204,-0.07598992904554791,-0.80659189745937,0.0,0.0
2.1256954669952393,0.000958752621832204,-0.03692683299000521,-0.8139162279697842,0.0,0.0
2.128417730331421,0.000958752621832204,-0.11749446860456203,-0.8615243762874769,0.0,0.0
2.1311874389648438,0.000958752621832204,0.05401693751430514,-0.8633554589150805,0.0,0.0
2.13352108001709,0.000958752621832204,0.17547875181200823,-0.945754177157248,0.0,0.0
2.136195182800293,0.000958752621832204,0.10406652933546923,-0.8523689631494591,0.0,0.0
2.138899564743042,0.000958752621832204,0.2243076218814366,-0.8560311284046662,0.0,0.0
2.141568422317505,0.000958752621832204,0.06927595941100151,-0.8798352025635126,0.0,0.0
2.1438448429107666,0.000958752621832204,-0.03936827649347663,-0.8194094758525949,0.0,0.0
2.146275281906128,0.0005752515730996777,-0.05645838101777656,-0.9018081940947553,0.0,0.0
2.1489124298095703,0.000958752621832204,0.2554360265506972,-0.8871595330739268,0.0,0.0
2.1516122817993164,0.000958752621832204,-0.10406652933546923,-0.8670176241702876,0.0,0.0
2.154350996017456,0.000958752621832204,-0.05035477225909801,-0.9036392767223589,0.0,0.0
2.1566684246063232,0.000958752621832204,0.2255283436331723,-0.8944838635843411,0.0,0.0
2.1591670513153076,0.000958752621832204,-0.18463416495002605,-0.8963149462119446,0.0,0.0
2.1618142127990723,0.0005752515730996777,-0.16571297779812255,-0.8706797894254947,0.0,0.0
2.1646831035614014,0.000958752621832204,0.01617456321049815,-0.8322270542458199,0.0,0.0
2.1672685146331787,0.000958752621832204,0.05035477225909801,-0.878004119935909,0.0,0.0
2.1701903343200684,0.000958752621832204,0.12115663385976916,-0.8889906157015304,0.0,0.0
2.172840118408203,0.000958752621832204,0.18341344319829034,-0.865186541542684,0.0,0.0
2.175595998764038,0.000958752621832204,-0.12176699473563701,-0.8743419546807019,0.0,0.0
2.178173303604126,0.000958752621832204,0.12420843823910843,-0.936598764019223,0.0,0.0
2.1809206008911133,0.000958752621832204,0.06439307240405867,-0.878004119935909,0.0,0.0
2.1832761764526367,0.000958752621832204,-0.13580529488059767,-0.8633554589150805,0.0,0.0
2.1860151290893555,0.000958752621832204,-0.09552147707331926,-0.9036392767223589,0.0,0.0
2.1887617111206055,0.000958752621832204,0.03814755474174092,-0.8560311284046662,0.0,0.0
2.1917152404785156,0.000958752621832204,-0.09430075532158355,-0.8963149462119446,0.0,0.0
2.194791316986084,0.000958752621832204,0.03326466773479808,-0.8432135500114413,0.0,0.0
2.197723865509033,0.000958752621832204,0.018005645838101714,-0.8450446326390448,0.0,0.0
2.2003235816955566,0.000958752621832204,0.11017013809414777,-0.9036392767223589,0.0,0.0
2.202805519104004,0.000958752621832204,-0.07110704203860507,-0.8725108720530983,0.0,0.0
2.205374240875244,0.000958752621832204,-0.08514534218356573,-0.8560311284046662,0.0,0.0
2.2081334590911865,0.000958752621832204,0.09857328145265853,-0.907301441977566,0.0,0.0
2.2106258869171143,0.000958752621832204,0.04852368963149445,-0.8889906157015304,0.0,0.0
2.2130916118621826,0.000958752621832204,0.16144045166704757,-0.9494163424124551,0.0,0.0
2.2156717777252197,0.000958752621832204,0.11505302510109061,-0.8816662851911161,0.0,0.0
2.2187678813934326,0.0005752515730996777,-0.0021362630655374915,-0.878004119935909,0.0,0.0
2.2214765548706055,0.000958752621832204,0.07415884641794435,-0.8029297322041629,0.0,0.0
2.224555492401123,0.000958752621832204,0.00579842832074462,-0.8560311284046662,0.0,0.0
2.227342128753662,0.000958752621832204,0.0289921416037231,-0.8542000457770627,0.0,0.0
2.2301602363586426,0.0005752515730996777,0.035095750362401645,-0.8157473105973878,0.0,0.0
2.2330029010772705,0.000958752621832204,-0.021057450217440987,-0.936598764019223,0.0,0.0
2.2356154918670654,0.000958752621832204,0.18768596932936532,-0.848706797894252,0.0,0.0
2.2383248805999756,0.0005752515730996777,-0.03692683299000521,-0.8999771114671518,0.0,0.0
2.241072654724121,0.0005752515730996777,-0.12909132524605127,-0.8670176241702876,0.0,0.0
2.2438037395477295,0.0005752515730996777,0.12237735561150487,-0.8249027237354056,0.0,0.0
2.246265172958374,0.0005752515730996777,-0.05889982452124798,-0.8688487067978912,0.0,0.0
2.2482593059539795,0.000958752621832204,0.07049668116273722,-0.8761730373083054,0.0,0.0
2.2508277893066406,0.000958752621832204,-0.08453498130769788,-0.8688487067978912,0.0,0.0
2.253574848175049,0.0005752515730996777,-0.12298771648737272,-0.7846189059281272,0.0,0.0
2.256368637084961,0.000958752621832204,-0.045471885252155175,-0.8340581368734235,0.0,0.0
2.258598566055298,0.0005752515730996777,-0.11688410772869418,-0.8084229800869736,0.0,0.0
2.260986566543579,0.0005752515730996777,0.08636606393530144,-0.8395513847562341,0.0,0.0
2.263637065887451,0.000958752621832204,-0.011291676203555312,-0.8120851453421807,0.0,0.0
2.2659270763397217,0.000958752621832204,0.03448538948653379,-0.8560311284046662,0.0,0.0
2.2681996822357178,0.000958752621832204,0.05218585488670158,-0.8523689631494591,0.0,0.0
2.2704408168792725,0.000958752621832204,0.07598992904554791,-0.7992675669489557,0.0,0.0
2.272826910018921,0.000958752621832204,0.03143358510719452,-0.8706797894254947,0.0,0.0
2.275188684463501,0.000958752621832204,0.09674219882505497,-0.7882810711833343,0.0,0.0
2.27736234664917,0.000958752621832204,0.0015259021896696368,-0.8706797894254947,0.0,0.0
2.280170440673828,0.0005752515730996777,-0.000915541313801782,-0.9311055161364123,0.0,0.0
2.2823379039764404,0.0005752515730996777,-0.008239871824216038,-0.8670176241702876,0.0,0.0
2.2844767570495605,0.000958752621832204,-0.11627374685282632,-0.8377203021286306,0.0,0.0
2.2871956825256348,0.000958752621832204,-0.05889982452124798,-0.7974364843213522,0.0,0.0
2.290019989013672,0.000958752621832204,0.07049668116273722,-0.8542000457770627,0.0,0.0
2.292734384536743,0.000958752621832204,0.23224231326771871,-0.8157473105973878,0.0,0.0
2.295280694961548,0.000958752621832204,-0.008239871824216038,-0.8706797894254947,0.0,0.0
2.297520399093628,0.000958752621832204,0.02288853284504455,-0.8505378805218555,0.0,0.0
2.3001790046691895,0.000958752621832204,-0.14251926451514407,-0.9018081940947553,0.0,0.0
2.3029003143310547,0.000958752621832204,0.04119935912108019,-0.8963149462119446,0.0,0.0
2.3053247928619385,0.000958752621832204,0.018005645838101714,-0.8010986495765593,0.0,0.0
2.3075578212738037,0.000958752621832204,0.010070954451819603,-0.8029297322041629,0.0,0.0
2.3102471828460693,0.000958752621832204,0.0039673456931410556,-0.8413824673838377,0.0,0.0
2.3126609325408936,0.000958752621832204,-0.08209353780422646,-0.8249027237354056,0.0,0.0
2.315429925918579,0.000958752621832204,-0.21149004348821165,-0.8468757152666484,0.0,0.0
2.317978620529175,0.000958752621832204,0.023498893720912406,-0.8395513847562341,0.0,0.0
2.320641279220581,0.000958752621832204,-0.13458457312886196,-0.8395513847562341,0.0,0.0
2.3234291076660156,0.0013422536705647303,0.14923323414969047,-0.9439230945296444,0.0,0.0
2.326361894607544,0.000958752621832204,-0.04058899824521234,-0.9311055161364123,0.0,0.0
2.3291513919830322,0.000958752621832204,-0.030212863355458808,-0.9677271686884907,0.0,0.0
2.331585645675659,0.000958752621832204,0.04486152437628732,-0.9732204165713014,0.0,0.0
2.3342912197113037,0.0013422536705647303,0.000915541313801782,-1.017166399633787,0.0,0.0
2.336913585662842,0.0013422536705647303,-0.17608911268787608,-0.9109636072327731,0.0,0.0
2.3390798568725586,0.0013422536705647303,0.06012054627298369,-0.9329365987640159,0.0,0.0
2.3416049480438232,0.0013422536705647303,-0.01495384145876244,-0.9530785076676622,0.0,0.0
2.3443005084991455,0.0013422536705647303,-0.01495384145876244,-1.0080109864957691,0.0,0.0
2.3465046882629395,0.0013422536705647303,0.22125581750209733,-0.9988555733577513,0.0,0.0
2.348992109298706,0.0013422536705647303,-0.05218585488670158,-0.9915312428473371,0.0,0.0
2.351649522781372,0.0013422536705647303,-0.09430075532158355,-1.0189974822613905,0.0,0.0
2.354531764984131,0.0013422536705647303,-0.088197146562905,-1.0519569695582547,0.0,0.0
2.3572657108306885,0.0013422536705647303,-0.038757915617608774,-1.0226596475165977,0.0,0.0
2.3598062992095947,0.0013422536705647303,0.10955977721827992,-1.1087205310139652,0.0,0.0
2.3622043132781982,0.0013422536705647303,0.05096513313496587,-1.1490043488212436,0.0,0.0
2.3649022579193115,0.0013422536705647303,-0.04730296787975874,-1.0189974822613905,0.0,0.0
2.367638349533081,0.0013422536705647303,0.14190890363927622,-1.088578622110326,0.0,0.0
2.370319128036499,0.0013422536705647303,0.06256198977645511,-1.1142137788967759,0.0,0.0
2.3730692863464355,0.0013422536705647303,-0.04119935912108019,-1.189288166628522,0.0,0.0
2.375678062438965,0.0013422536705647303,-0.06561379415579438,-1.1105516136415687,0.0,0.0
2.378394842147827,0.0013422536705647303,-0.01617456321049815,-1.0995651178759474,0.0,0.0
2.380981922149658,0.0013422536705647303,0.02655069810025168,-1.0775921263447046,0.0,0.0
2.3832898139953613,0.0013422536705647303,-0.07049668116273722,-1.134355687800415,0.0,0.0
2.3858256340026855,0.0013422536705647303,-0.04486152437628732,-1.159990844586865,0.0,0.0
2.3884706497192383,0.0013422536705647303,0.009460593575951748,-1.1398489356832258,0.0,0.0
2.3911590576171875,0.0013422536705647303,-0.05401693751430514,-1.1691462577248828,0.0,0.0
2.3938210010528564,0.0013422536705647303,0.014343480582894585,-1.117875944151983,0.0,0.0
2.3965470790863037,0.0013422536705647303,-0.16571297779812255,-1.205767910276954,0.0,0.0
2.399250030517578,0.0013422536705647303,0.05401693751430514,-1.1837949187457113,0.0,0.0
2.401916027069092,0.0013422536705647303,-0.05096513313496587,-1.1252002746623972,0.0,0.0
2.4046413898468018,0.0013422536705647303,0.13458457312886196,-1.1160448615243794,0.0,0.0
2.407219171524048,0.0013422536705647303,-0.05157549401083372,-1.1709773403524864,0.0,0.0
2.409921646118164,0.0013422536705647303,-0.22125581750209733,-1.176470588235297,0.0,0.0
2.4125733375549316,0.0013422536705647303,-0.10833905546654421,-1.1856260013733149,0.0,0.0
2.41501522064209,0.0013422536705647303,-0.05096513313496587,-1.159990844586865,0.0,0.0
2.4171829223632812,0.0013422536705647303,0.020447089341573133,-1.2130922407873683,0.0,0.0
2.419884204864502,0.0013422536705647303,-0.15655756466010473,-1.1837949187457113,0.0,0.0
2.422577381134033,0.0013422536705647303,0.13885709925993694,-1.1819638361181077,0.0,0.0
2.425302505493164,0.0013422536705647303,0.1272602426184477,-1.17280842298009,0.0,0.0
2.427525043487549,0.0013422536705647303,-0.06195162890058725,-1.1673151750972792,0.0,0.0
2.4302260875701904,0.0013422536705647303,0.1730373083085368,-1.134355687800415,0.0,0.0
2.4329280853271484,0.0013422536705647303,0.0869764248111693,-1.159990844586865,0.0,0.0
2.435649871826172,0.0013422536705647303,-0.14801251239795477,-1.1361867704280186,0.0,0.0
2.4384067058563232,0.0013422536705647303,0.04608224612802303,-1.1544975967040543,0.0,0.0
2.4412033557891846,0.0013422536705647303,0.088197146562905,-1.2332341496910075,0.0,0.0
2.4439048767089844,0.0013422536705647303,-0.14984359502555833,-1.1819638361181077,0.0,0.0
2.4466538429260254,0.0013422536705647303,0.14312962539101193,-1.1819638361181077,0.0,0.0
2.4490139484405518,0.0013422536705647303,-0.1516746776531619,-1.2002746623941434,0.0,0.0
2.4511897563934326,0.0013422536705647303,0.16449225604638684,-1.1563286793316578,0.0,0.0
2.453691244125366,0.0013422536705647303,0.010070954451819603,-1.1911192492561256,0.0,0.0
2.45639705657959,0.0013422536705647303,0.058289463645380124,-1.1380178530556222,0.0,0.0
2.458991050720215,0.0013422536705647303,-0.24750133516441508,-1.1581597619592614,0.0,0.0
2.461174964904785,0.0013422536705647303,-0.08758678568703715,-1.231403067063404,0.0,0.0
2.4639816284179688,0.0013422536705647303,0.09063859006637642,-1.1819638361181077,0.0,0.0
2.466679096221924,0.0013422536705647303,-0.10894941634241206,-1.1966124971389362,0.0,0.0
2.4692423343658447,0.0013422536705647303,-0.2920576791027685,-1.1984435797665398,0.0,0.0
2.4715421199798584,0.0013422536705647303,0.23468375677119013,-1.1984435797665398,0.0,0.0
2.4742438793182373,0.0013422536705647303,0.07110704203860507,-1.2222476539253861,0.0,0.0
2.476998805999756,0.0013422536705647303,0.11688410772869418,-1.1380178530556222,0.0,0.0
2.4795660972595215,0.0013422536705647303,-0.05157549401083372,-1.1966124971389362,0.0,0.0
2.4820261001586914,0.0013422536705647303,-0.054627298390172996,-1.1453421835660365,0.0,0.0
2.4845995903015137,0.0013422536705647303,-0.003356984817273201,-1.1654840924696757,0.0,0.0
2.487320899963379,0.0013422536705647303,0.030212863355458808,-1.1691462577248828,0.0,0.0
2.490061044692993,0.0013422536705647303,-0.00457770656900891,-1.1160448615243794,0.0,0.0
2.4928388595581055,0.0013422536705647303,-0.019226367589837423,-1.1618219272144685,0.0,0.0
2.4955661296844482,0.0013422536705647303,-0.06256198977645511,-1.1416800183108293,0.0,0.0
2.4982779026031494,0.0013422536705647303,0.05096513313496587,-1.1709773403524864,0.0,0.0
2.5010087490081787,0.0013422536705647303,-0.2121004043640795,-1.1361867704280186,0.0,0.0
2.50364089012146,0.0013422536705647303,-0.03448538948653379,-1.0959029526207402,0.0,0.0
2.5060150623321533,0.0013422536705647303,-0.015564202334630295,-1.2094300755321612,0.0,0.0
2.5081801414489746,0.0013422536705647303,-0.00457770656900891,-1.2075989929045576,0.0,0.0
2.510915994644165,0.0013422536705647303,-0.06988632028686936,-1.092240787365533,0.0,0.0
2.513615369796753,0.0013422536705647303,0.21393148699168307,-1.1746395056076935,0.0,0.0
2.5163533687591553,0.0013422536705647303,0.24628061341267937,-1.105058365758758,0.0,0.0
2.5190541744232178,0.0013422536705647303,-0.12970168612191912,-1.17280842298009,0.0,0.0
2.5218193531036377,0.0013422536705647303,-0.07721065079728362,-1.105058365758758,0.0,0.0
2.5242373943328857,0.0013422536705647303,0.049134050507362304,-1.1654840924696757,0.0,0.0
2.5268714427948,0.0013422536705647303,-0.014343480582894585,-1.0867475394827224,0.0,0.0
2.5295701026916504,0.0013422536705647303,-0.025940337224383825,-1.0867475394827224,0.0,0.0
2.532020092010498,0.0013422536705647303,-0.12237735561150487,-1.1068894483863616,0.0,0.0
2.53481388092041,0.000958752621832204,0.0289921416037231,-1.0959029526207402,0.0,0.0
2.537698745727539,0.0013422536705647303,0.0949111161974514,-1.101396200503551,0.0,0.0
2.54022216796875,0.0013422536705647303,0.11200122072175134,-1.1526665140764507,0.0,0.0
2.542919397354126,0.0013422536705647303,0.019226367589837423,-1.075761043717101,0.0,0.0
2.545680046081543,0.0013422536705647303,0.044251163500419466,-1.130693522545208,0.0,0.0
2.5477614402770996,0.000958752621832204,0.011291676203555312,-1.101396200503551,0.0,0.0
2.5497653484344482,0.0013422536705647303,0.10650797283894065,-1.088578622110326,0.0,0.0
2.5523509979248047,0.000958752621832204,-0.07049668116273722,-1.1160448615243794,0.0,0.0
2.555108070373535,0.0013422536705647303,0.13885709925993694,-1.101396200503551,0.0,0.0
2.5578556060791016,0.000958752621832204,-0.05523765926604085,-1.1142137788967759,0.0,0.0
2.5605344772338867,0.000958752621832204,-0.3421072709239361,-1.0263218127718048,0.0,0.0
2.5633585453033447,0.000958752621832204,-0.10650797283894065,-1.0556191348134618,0.0,0.0
2.5659871101379395,0.000958752621832204,0.03204394598306237,-1.0446326390478404,0.0,0.0
2.568575382232666,0.000958752621832204,0.09979400320439424,-1.0666056305790832,0.0,0.0
2.5708706378936768,0.000958752621832204,0.2121004043640795,-1.0061799038681656,0.0,0.0
2.5735738277435303,0.000958752621832204,-0.014343480582894585,-1.0519569695582547,0.0,0.0
2.5762839317321777,0.000958752621832204,-0.019836728465705278,-1.004348821240562,0.0,0.0
2.578951120376587,0.000958752621832204,-0.24261844815747224,-1.0739299610894975,0.0,0.0
2.581583261489868,0.000958752621832204,-0.11871519035629774,-0.9219501029983945,0.0,0.0
2.5840346813201904,0.000958752621832204,-0.030212863355458808,-1.0684367132066868,0.0,0.0
2.5863125324249268,0.000958752621832204,0.027161058976119534,-0.9842069123369228,0.0,0.0
2.5891785621643066,0.000958752621832204,-0.02655069810025168,-1.0702677958342903,0.0,0.0
2.5922129154205322,0.000958752621832204,-0.16205081254291542,-0.9768825818265086,0.0,0.0
2.59499192237854,0.000958752621832204,0.06744487678339794,-1.0318150606546155,0.0,0.0
2.5979981422424316,0.000958752621832204,0.07354848554207649,-1.0189974822613905,0.0,0.0
2.6009409427642822,0.000958752621832204,-0.015564202334630295,-0.9970244907301478,0.0,0.0
2.6037960052490234,0.000958752621832204,0.022278171969176697,-0.975051499198905,0.0,0.0
2.60675311088562,0.000958752621832204,0.012512397955291021,-0.9787136644541121,0.0,0.0
2.6095314025878906,0.000958752621832204,0.000915541313801782,-0.9915312428473371,0.0,0.0
2.612535238265991,0.000958752621832204,-0.14435034714274764,-0.9915312428473371,0.0,0.0
2.615571975708008,0.000958752621832204,0.07537956816968006,-0.9878690775921299,0.0,0.0
2.618323564529419,0.000958752621832204,0.008850232700083893,-0.9439230945296444,0.0,0.0
2.6213724613189697,0.000958752621832204,0.08087281605249075,-0.9347676813916195,0.0,0.0
2.624389410018921,0.000958752621832204,-0.01495384145876244,-1.0135042343785798,0.0,0.0
2.6273584365844727,0.000958752621832204,-0.11078049897001563,-0.9182879377431874,0.0,0.0
2.6299498081207275,0.000958752621832204,-0.20599679560540096,-0.8743419546807019,0.0,0.0
2.633014678955078,0.000958752621832204,-0.16205081254291542,-0.9768825818265086,0.0,0.0
2.6359810829162598,0.000958752621832204,-0.14007782101167265,-0.9292744335088088,0.0,0.0
2.638502836227417,0.000958752621832204,-0.09124895094224428,-0.9402609292744373,0.0,0.0
2.641465902328491,0.000958752621832204,0.07110704203860507,-0.8999771114671518,0.0,0.0
2.644230365753174,0.000958752621832204,0.011902037079423167,-0.9274433508812052,0.0,0.0
2.646864414215088,0.000958752621832204,0.01617456321049815,-0.907301441977566,0.0,0.0
2.6493372917175293,0.000958752621832204,0.3683527885862503,-0.8761730373083054,0.0,0.0
2.652045488357544,0.000958752621832204,-0.06012054627298369,-0.9127946898603767,0.0,0.0
2.654446601867676,0.000958752621832204,0.011291676203555312,-0.8926527809567375,0.0,0.0
2.6565098762512207,0.000958752621832204,0.19562066071564743,-0.8853284504463232,0.0,0.0
2.658508539199829,0.000958752621832204,0.06988632028686936,-0.8908216983291339,0.0,0.0
2.6608495712280273,0.000958752621832204,-0.04608224612802303,-0.9274433508812052,0.0,0.0
2.663583755493164,0.000958752621832204,0.12542915999084414,-0.8761730373083054,0.0,0.0
2.666484832763672,0.000958752621832204,0.018005645838101714,-0.9585717555504729,0.0,0.0
2.6695449352264404,0.000958752621832204,0.010070954451819603,-0.9182879377431874,0.0,0.0
2.672306776046753,0.000958752621832204,0.12176699473563701,-0.865186541542684,0.0,0.0
2.6753082275390625,0.000958752621832204,-0.027161058976119534,-0.9036392767223589,0.0,0.0
2.678372621536255,0.000958752621832204,-0.06439307240405867,-0.975051499198905,0.0,0.0
2.681107521057129,0.000958752621832204,0.16327153429465113,-0.9384298466468337,0.0,0.0
2.6839466094970703,0.000958752621832204,-0.1272602426184477,-0.9311055161364123,0.0,0.0
2.686544418334961,0.000958752621832204,-0.0869764248111693,-0.865186541542684,0.0,0.0
2.689429521560669,0.000958752621832204,0.024719615472648115,-0.9018081940947553,0.0,0.0
2.692490339279175,0.000958752621832204,0.038757915617608774,-0.9109636072327731,0.0,0.0
2.6952335834503174,0.000958752621832204,-0.197451743343251,-0.8743419546807019,0.0,0.0
2.6982574462890625,0.000958752621832204,0.14251926451514407,-0.9640650034332836,0.0,0.0
2.7013416290283203,0.000958752621832204,-0.13763637750820124,-0.9402609292744373,0.0,0.0
2.7043299674987793,0.000958752621832204,-0.23468375677119013,-0.8834973678187197,0.0,0.0
2.7068557739257812,0.000958752621832204,-0.10955977721827992,-0.8999771114671518,0.0,0.0
2.7097291946411133,0.000958752621832204,-0.06012054627298369,-0.9402609292744373,0.0,0.0
2.7127115726470947,0.000958752621832204,-0.09674219882505497,-0.936598764019223,0.0,0.0
2.7156929969787598,0.000958752621832204,0.1528953994048976,-0.9329365987640159,0.0,0.0
2.7182841300964355,0.000958752621832204,-0.13885709925993694,-0.9604028381780765,0.0,0.0
2.7213058471679688,0.000958752621832204,0.18280308232242248,-0.9329365987640159,0.0,0.0
2.724363088607788,0.0013422536705647303,0.10467689021133708,-0.945754177157248,0.0,0.0
2.7272915840148926,0.000958752621832204,0.03814755474174092,-1.0189974822613905,0.0,0.0
2.73024582862854,0.000958752621832204,0.05035477225909801,-1.0537880521858582,0.0,0.0
2.7333035469055176,0.000958752621832204,-0.10589761196307279,-1.0116731517509763,0.0,0.0
2.736311674118042,0.000958752621832204,0.011902037079423167,-1.0080109864957691,0.0,0.0
2.739060401916504,0.0013422536705647303,0.07965209430075504,-0.9549095902952658,0.0,0.0
2.7420406341552734,0.000958752621832204,-0.007019150072480329,-0.9677271686884907,0.0,0.0
2.7449698448181152,0.000958752621832204,0.16449225604638684,-0.9494163424124551,0.0,0.0
2.747809886932373,0.000958752621832204,-0.015564202334630295,-0.9640650034332836,0.0,0.0
2.7507307529449463,0.0013422536705647303,0.20355535210192954,-0.945754177157248,0.0,0.0
2.7535312175750732,0.000958752621832204,-0.0814831769283586,-1.0153353170061834,0.0,0.0
2.756443500518799,0.000958752621832204,0.058289463645380124,-0.9878690775921299,0.0,0.0
2.7594690322875977,0.000958752621832204,-0.049134050507362304,-0.9585717555504729,0.0,0.0
2.7622365951538086,0.000958752621832204,0.035095750362401645,-0.9860379949645264,0.0,0.0
2.7650816440582275,0.000958752621832204,-0.05218585488670158,-1.0098420691233727,0.0,0.0
2.767904043197632,0.000958752621832204,-0.07232776379034078,-0.9970244907301478,0.0,0.0
2.7708771228790283,0.000958752621832204,0.09063859006637642,-0.9604028381780765,0.0,0.0
2.773885726928711,0.000958752621832204,0.04974441138323016,-1.0263218127718048,0.0,0.0
2.776904344558716,0.000958752621832204,-0.08392462043183002,-0.9329365987640159,0.0,0.0
2.7800216674804688,0.0013422536705647303,0.19439993896391172,-0.9878690775921299,0.0,0.0
2.782989978790283,0.000958752621832204,-0.28412298771648636,-1.0098420691233727,0.0,0.0
2.7859954833984375,0.000958752621832204,0.07598992904554791,-0.920119020370791,0.0,0.0
2.78899884223938,0.000958752621832204,-0.06256198977645511,-0.9732204165713014,0.0,0.0
2.791820526123047,0.000958752621832204,-0.16266117341878328,-0.9549095902952658,0.0,0.0
2.79455828666687,0.000958752621832204,0.05889982452124798,-0.9878690775921299,0.0,0.0
2.7972569465637207,0.000958752621832204,-0.18158236057068677,-1.0428015564202369,0.0,0.0
2.8000690937042236,0.000958752621832204,0.18463416495002605,-1.020828564888994,0.0,0.0
2.8028368949890137,0.000958752621832204,-0.02532997634851597,-1.0061799038681656,0.0,0.0
2.8056435585021973,0.000958752621832204,-0.1327534905012584,-0.9677271686884907,0.0,0.0
2.8083317279815674,0.000958752621832204,-0.06439307240405867,-0.945754177157248,0.0,0.0
2.811047315597534,0.000958752621832204,0.11871519035629774,-0.9768825818265086,0.0,0.0
2.813843250274658,0.000958752621832204,0.05889982452124798,-1.0025177386129585,0.0,0.0
2.816568613052368,0.000958752621832204,-0.003356984817273201,-0.9787136644541121,0.0,0.0
2.8192782402038574,0.000958752621832204,0.11200122072175134,-1.0189974822613905,0.0,0.0
2.822004556655884,0.000958752621832204,-0.11566338597695847,-1.029983978027012,0.0,0.0
2.8246865272521973,0.000958752621832204,0.14984359502555833,-1.0391393911650297,0.0,0.0
2.827399253845215,0.000958752621832204,0.09918364232852639,-0.96223392080568,0.0,0.0
2.830144166946411,0.000958752621832204,0.05523765926604085,-0.8999771114671518,0.0,0.0
2.832914113998413,0.000958752621832204,-0.21698329137102235,-0.9713893339436979,0.0,0.0
2.8356525897979736,0.000958752621832204,-0.17486839093614037,-0.9823758297093192,0.0,0.0
2.8382015228271484,0.000958752621832204,0.008239871824216038,-1.000686655985355,0.0,0.0
2.84090256690979,0.000958752621832204,0.003356984817273201,-0.9274433508812052,0.0,0.0
2.8435769081115723,0.000958752621832204,0.18890669108110103,-0.9384298466468337,0.0,0.0
2.8458445072174072,0.000958752621832204,-0.17608911268787608,-0.9036392767223589,0.0,0.0
2.8485727310180664,0.000958752621832204,-0.126039520866712,-0.9036392767223589,0.0,0.0
2.8512442111968994,0.000958752621832204,-0.07293812466620864,-0.9237811856259981,0.0,0.0
2.853928804397583,0.000958752621832204,-0.016784924086366004,-0.9237811856259981,0.0,0.0
2.8566434383392334,0.000958752621832204,0.018005645838101714,-0.9494163424124551,0.0,0.0
2.8594353199005127,0.000958752621832204,0.09124895094224428,-0.9054703593499625,0.0,0.0
2.8622372150421143,0.000958752621832204,0.2243076218814366,-0.9164568551155838,0.0,0.0
2.8649446964263916,0.000958752621832204,0.02655069810025168,-0.9512474250400587,0.0,0.0
2.8676598072052,0.000958752621832204,0.1315327687495227,-0.9292744335088088,0.0,0.0
2.8700144290924072,0.000958752621832204,0.011291676203555312,-0.9018081940947553,0.0,0.0
2.8728175163269043,0.000958752621832204,0.027161058976119534,-0.8981460288395482,0.0,0.0
2.8758225440979004,0.000958752621832204,-0.14679179064621906,-0.8816662851911161,0.0,0.0
2.8787145614624023,0.000958752621832204,0.1651026169222547,-0.8981460288395482,0.0,0.0
2.8816452026367188,0.000958752621832204,0.06073090714885154,-0.9329365987640159,0.0,0.0
2.884476900100708,0.000958752621832204,-0.14679179064621906,-0.907301441977566,0.0,0.0
2.887463092803955,0.000958752621832204,-0.000915541313801782,-0.9640650034332836,0.0,0.0
2.890049934387207,0.000958752621832204,0.1315327687495227,-0.9054703593499625,0.0,0.0
2.8931076526641846,0.000958752621832204,0.03326466773479808,-0.8725108720530983,0.0,0.0
2.895796775817871,0.000958752621832204,-0.18707560845349747,-0.9439230945296444,0.0,0.0
2.898625612258911,0.000958752621832204,0.1205462729839013,-0.8706797894254947,0.0,0.0
2.9016470909118652,0.000958752621832204,-0.04852368963149445,-0.8468757152666484,0.0,0.0
2.904648542404175,0.000958752621832204,0.07904173342488718,-0.9347676813916195,0.0,0.0
2.9076831340789795,0.000958752621832204,0.0680552376592658,-0.9311055161364123,0.0,0.0
2.910714626312256,0.000958752621832204,0.05279621576256943,-0.9127946898603767,0.0,0.0
2.9134631156921387,0.000958752621832204,-0.20355535210192954,-0.8871595330739268,0.0,0.0
2.916425943374634,0.000958752621832204,0.002746623941405346,-0.975051499198905,0.0,0.0
2.919417381286621,0.000958752621832204,0.024719615472648115,-0.9549095902952658,0.0,0.0
2.922438859939575,0.0013422536705647303,0.08331425955596217,-1.0244907301442012,0.0,0.0
2.925360679626465,0.000958752621832204,0.07354848554207649,-0.9164568551155838,0.0,0.0
2.9282174110412598,0.000958752621832204,-0.24017700465400083,-1.0189974822613905,0.0,0.0
2.931229591369629,0.0013422536705647303,0.10284580758373352,-1.020828564888994,0.0,0.0
2.9339652061462402,0.000958752621832204,0.06378271152819082,-1.0702677958342903,0.0,0.0
2.9369797706604004,0.0013422536705647303,0.04730296787975874,-1.020828564888994,0.0,0.0
2.939953327178955,0.0013422536705647303,0.053406576638437286,-1.0226596475165977,0.0,0.0
2.942704677581787,0.0013422536705647303,0.16021972991531186,-1.0739299610894975,0.0,0.0
2.9454100131988525,0.0013422536705647303,-0.10345616845960137,-1.0684367132066868,0.0,0.0
2.9481794834136963,0.001725754719299033,0.15655756466010473,-1.1453421835660365,0.0,0.0
2.950897455215454,0.0013422536705647303,-0.008850232700083893,-1.1325246051728115,0.0,0.0
2.9535255432128906,0.0013422536705647303,-0.06988632028686936,-1.1508354314488471,0.0,0.0
2.9557459354400635,0.001725754719299033,0.09124895094224428,-1.2075989929045576,0.0,0.0
2.958414077758789,0.001725754719299033,0.019836728465705278,-1.189288166628522,0.0,0.0
2.9611873626708984,0.001725754719299033,-0.03448538948653379,-1.3211261158159786,0.0,0.0
2.963663339614868,0.0021092557680315593,-0.018005645838101714,-1.3467612726024285,0.0,0.0
2.9663233757019043,0.0021092557680315593,0.07598992904554791,-1.4053559166857426,0.0,0.0
2.9690728187561035,0.0021092557680315593,0.19012741283283674,-1.3723964293888784,0.0,0.0
2.9718143939971924,0.0021092557680315593,0.09246967269397999,-1.3211261158159786,0.0,0.0
2.9744699001312256,0.0021092557680315593,-0.03265430685893023,-1.474937056534678,0.0,0.0
2.9771502017974854,0.0021092557680315593,-0.18585488670176176,-1.416342412451364,0.0,0.0
2.9798173904418945,0.0021092557680315593,0.0680552376592658,-1.462119478141453,0.0,0.0
2.9824540615081787,0.0021092557680315593,0.14007782101167265,-1.4309910734721925,0.0,0.0
2.985178232192993,0.0021092557680315593,0.08392462043183002,-1.4822613870450922,0.0,0.0
2.9877736568450928,0.001725754719299033,-0.15106431677729404,-1.5701533531700633,0.0,0.0
2.9901888370513916,0.001725754719299033,0.00457770656900891,-1.5262073701075778,0.0,0.0
2.9929556846618652,0.0021092557680315593,-0.06012054627298369,-1.6525520714122237,0.0,0.0
2.995455265045166,0.0021092557680315593,-0.11200122072175134,-1.5976195925841168,0.0,0.0
2.9978456497192383,0.0021092557680315593,0.046692607003890885,-1.630579079880981,0.0,0.0
3.0002853870391846,0.0021092557680315593,0.01617456321049815,-1.5994506752117204,0.0,0.0
